"Data Source","World Development Indicators",

"Last Updated Date","2017-10-30",

"Country Name","Country Code","Indicator Name","Indicator Code","1960","1961","1962","1963","1964","1965","1966","1967","1968","1969","1970","1971","1972","1973","1974","1975","1976","1977","1978","1979","1980","1981","1982","1983","1984","1985","1986","1987","1988","1989","1990","1991","1992","1993","1994","1995","1996","1997","1998","1999","2000","2001","2002","2003","2004","2005","2006","2007","2008","2009","2010","2011","2012","2013","2014","2015","2016",
"Aruba","ABW","Proportion of seats held by women in national parliaments (%)","SG.GEN.PARL.ZS","","","","","","","","","","","","","","","","","","","","","","","","","","","","","","","","","","","","","","","","","","","","","","","","","","","","","","","","","",
"Afghanistan","AFG","Proportion of seats held by women in national parliaments (%)","SG.GEN.PARL.ZS","","","","","","","","","","","","","","","","","","","","","","","","","","","","","","","3.7","","","","","","","","","","","","","","","27.3","27.3","27.7","27.7","27.3","27.7","27.7","27.7","27.7","27.7","27.7","27.7",
"Angola","AGO","Proportion of seats held by women in national parliaments (%)","SG.GEN.PARL.ZS","","","","","","","","","","","","","","","","","","","","","","","","","","","","","","","14.5","","","","","","","9.5","15.5","15.5","15.5","15.5","15.5","15.5","15","15","15","15","37.3","38.6","38.6","38.2","34.1","34.1","36.8","36.8","36.8",
"Albania","ALB","Proportion of seats held by women in national parliaments (%)","SG.GEN.PARL.ZS","","","","","","","","","","","","","","","","","","","","","","","","","","","","","","","28.8","","","","","","","","","5.2","5.2","5.7","5.7","5.7","6.4","7.1","7.1","7.1","7.1","16.4","16.4","15.7","15.7","17.9","20","20.7","22.9",
"Andorra","AND","Proportion of seats held by women in national parliaments (%)","SG.GEN.PARL.ZS","","","","","","","","","","","","","","","","","","","","","","","","","","","","","","","","","","","","","","7.1","7.1","7.1","7.1","14.3","14.3","14.3","14.3","28.6","28.6","28.6","25","35.7","35.7","50","50","50","50","39.3","32.1",
"Arab World","ARB","Proportion of seats held by women in national parliaments (%)","SG.GEN.PARL.ZS","","","","","","","","","","","","","","","","","","","","","","","","","","","","","","","3.89143920595534","","","","","","","3.75783497350492","3.47423537234043","3.6234320892651","3.7681031165833","4.61059763724809","6.13235192241081","6.0439175257732","6.7026706231454","7.0417823228634","9.35781922525107","9.76215634711929","9.81092517332058","9.91258880994672","11.9239257179875","11.3352657004831","14.8720183486239","17.49244456611","17.7939697133586","18.779151193634","18.8526498495719",
"United Arab Emirates","ARE","Proportion of seats held by women in national parliaments (%)","SG.GEN.PARL.ZS","","","","","","","","","","","","","","","","","","","","","","","","","","","","","","","0","","","","","","","0","0","0","0","0","0","0","0","0","5","22.5","22.5","22.5","22.5","17.5","17.5","17.5","17.5","22.5","22.5",
"Argentina","ARG","Proportion of seats held by women in national parliaments (%)","SG.GEN.PARL.ZS","","","","","","","","","","","","","","","","","","","","","","","","","","","","","","","6.3","","","","","","","27.6","27.6","","26.5","","30.7","30.7","33.7","36.2","35","40","40","38.5","38.5","37.4","37.4","","36.6","","35.8",
"Armenia","ARM","Proportion of seats held by women in national parliaments (%)","SG.GEN.PARL.ZS","","","","","","","","","","","","","","","","","","","","","","","","","","","","","","","35.6","","","","","","","6.3","6.3","3.1","3.1","3.1","3.1","4.6","5.3","5.3","5.3","9.2","8.4","9.2","9.2","8.4","10.7","10.7","10.7","10.7","10.7",
"American Samoa","ASM","Proportion of seats held by women in national parliaments (%)","SG.GEN.PARL.ZS","","","","","","","","","","","","","","","","","","","","","","","","","","","","","","","","","","","","","","","","","","","","","","","","","","","","","","","","","",
"Antigua and Barbuda","ATG","Proportion of seats held by women in national parliaments (%)","SG.GEN.PARL.ZS","","","","","","","","","","","","","","","","","","","","","","","","","","","","","","","0","","","","","","","5.3","5.3","","5.3","5.3","5.3","5.3","10.5","10.5","10.5","10.5","10.5","10.5","10.5","10.5","10.5","10.5","11.1","11.1","11.1",
"Australia","AUS","Proportion of seats held by women in national parliaments (%)","SG.GEN.PARL.ZS","","","","","","","","","","","","","","","","","","","","","","","","","","","","","","","6.1","","","","","","","15.5","15.5","22.4","23","","25.3","25.3","24.7","24.7","24.7","26.7","26.7","27.3","24.7","24.7","24.7","26","26","26.7","28.7",
"Austria","AUT","Proportion of seats held by women in national parliaments (%)","SG.GEN.PARL.ZS","","","","","","","","","","","","","","","","","","","","","","","","","","","","","","","11.5","","","","","","","26.2","26.2","","26.8","26.8","","33.9","33.9","33.9","32.2","32.8","27.3","27.9","27.9","27.9","27.9","33.3","32.2","30.6","30.6",
"Azerbaijan","AZE","Proportion of seats held by women in national parliaments (%)","SG.GEN.PARL.ZS","","","","","","","","","","","","","","","","","","","","","","","","","","","","","","","","","","","","","","12","12","12","","10.5","10.5","10.5","10.5","13","11.3","11.4","11.4","11.4","16","16","16","16","15.6","16.9","16.8",
"Burundi","BDI","Proportion of seats held by women in national parliaments (%)","SG.GEN.PARL.ZS","","","","","","","","","","","","","","","","","","","","","","","","","","","","","","","","","","","","","","","11.9","6","14.4","14.4","18.4","18.4","18.4","30.5","30.5","30.5","30.5","31.4","32.1","30.5","30.5","30.5","30.5","36.4","36.4",
"Belgium","BEL","Proportion of seats held by women in national parliaments (%)","SG.GEN.PARL.ZS","","","","","","","","","","","","","","","","","","","","","","","","","","","","","","","8.5","","","","","","","12.7","12.7","23.3","23.3","23.3","23.3","35.3","34.7","34.7","34.7","35.3","35.3","38","39.3","38","38","38","39.3","39.3","39.3",
"Benin","BEN","Proportion of seats held by women in national parliaments (%)","SG.GEN.PARL.ZS","","","","","","","","","","","","","","","","","","","","","","","","","","","","","","","2.9","","","","","","","7.2","7.2","6","6","6","6","6","7.2","7.2","7.2","10.8","10.8","10.8","10.8","8.4","8.4","8.4","8.4","7.2","7.2",
"Burkina Faso","BFA","Proportion of seats held by women in national parliaments (%)","SG.GEN.PARL.ZS","","","","","","","","","","","","","","","","","","","","","","","","","","","","","","","","","","","","","","9","8.1","8.1","8.1","8.1","11.7","11.7","11.7","11.7","11.7","15.3","15.3","15.3","15.3","15.3","15.7","15.7","18.9","9.4","9.4",
"Bangladesh","BGD","Proportion of seats held by women in national parliaments (%)","SG.GEN.PARL.ZS","","","","","","","","","","","","","","","","","","","","","","","","","","","","","","","10.3","","","","","","","9.1","9.1","9.1","9.1","","2","2","2","14.8","15.1","","6.3","18.6","18.6","19.7","19.7","19.7","19.8","20","20",
"Bulgaria","BGR","Proportion of seats held by women in national parliaments (%)","SG.GEN.PARL.ZS","","","","","","","","","","","","","","","","","","","","","","","","","","","","","","","21","","","","","","","10.8","10.8","10.8","10.8","26.2","26.2","26.2","26.3","22.1","22.1","21.7","21.7","20.8","20.8","20.8","22.9","24.6","20","20.4","20.4",
"Bahrain","BHR","Proportion of seats held by women in national parliaments (%)","SG.GEN.PARL.ZS","","","","","","","","","","","","","","","","","","","","","","","","","","","","","","","","","","","","","","","","","","","","0","0","0","2.5","2.5","2.5","2.5","2.5","10","10","10","7.5","7.5","7.5",
"Bahamas, The","BHS","Proportion of seats held by women in national parliaments (%)","SG.GEN.PARL.ZS","","","","","","","","","","","","","","","","","","","","","","","","","","","","","","","4.1","","","","","","","15","15","15","15","15","","20","20","20","20","12.2","12.2","12.2","12.2","12.2","13.2","13.2","13.2","13.2","13.2",
"Bosnia and Herzegovina","BIH","Proportion of seats held by women in national parliaments (%)","SG.GEN.PARL.ZS","","","","","","","","","","","","","","","","","","","","","","","","","","","","","","","","","","","","","","","","","","7.1","","16.7","16.7","16.7","14.3","11.9","11.9","19","16.7","21.4","21.4","21.4","21.4","21.4","21.4",
"Belarus","BLR","Proportion of seats held by women in national parliaments (%)","SG.GEN.PARL.ZS","","","","","","","","","","","","","","","","","","","","","","","","","","","","","","","","","","","","","","","","","","10.3","10.3","10.3","29.4","29.1","29.1","29.1","31.8","31.8","31.8","31.8","26.6","26.6","26.6","27.3","34.5",
"Belize","BLZ","Proportion of seats held by women in national parliaments (%)","SG.GEN.PARL.ZS","","","","","","","","","","","","","","","","","","","","","","","","","","","","","","","0","","","","","","","3.4","3.4","6.9","6.9","6.9","6.9","3.3","6.7","6.7","6.7","3.3","0","0","0","0","3.1","3.1","3.1","3.1","3.1",
"Bermuda","BMU","Proportion of seats held by women in national parliaments (%)","SG.GEN.PARL.ZS","","","","","","","","","","","","","","","","","","","","","","","","","","","","","","","","","","","","","","","","","","","","","","","","","","","","","","","","","",
"Bolivia","BOL","Proportion of seats held by women in national parliaments (%)","SG.GEN.PARL.ZS","","","","","","","","","","","","","","","","","","","","","","","","","","","","","","","9.2","","","","","","","","","11.5","11.5","11.5","18.5","18.5","19.2","16.9","16.9","16.9","16.9","22.3","25.4","25.4","25.4","25.4","53.1","53.1","53.1",
"Brazil","BRA","Proportion of seats held by women in national parliaments (%)","SG.GEN.PARL.ZS","","","","","","","","","","","","","","","","","","","","","","","","","","","","","","","5.3","","","","","","","6.6","6.6","5.7","5.7","6.8","6.2","8.6","8.6","8.6","8.8","9","9","8.8","8.6","8.6","8.6","8.6","9.9","9.9","9.9",
"Barbados","BRB","Proportion of seats held by women in national parliaments (%)","SG.GEN.PARL.ZS","","","","","","","","","","","","","","","","","","","","","","","","","","","","","","","3.7","","","","","","","10.7","10.7","10.7","10.7","10.7","10.7","13.3","13.3","13.3","13.3","13.3","10","10","10","10","10","16.7","16.7","16.7","16.7",
"Brunei Darussalam","BRN","Proportion of seats held by women in national parliaments (%)","SG.GEN.PARL.ZS","","","","","","","","","","","","","","","","","","","","","","","","","","","","","","","","","","","","","","","","","","","","","","","","","","","","","","","","","6.5",
"Bhutan","BTN","Proportion of seats held by women in national parliaments (%)","SG.GEN.PARL.ZS","","","","","","","","","","","","","","","","","","","","","","","","","","","","","","","2","","","","","","","2","2","2","9.3","9.3","9.3","9.3","9.2","9.3","2.7","2.7","8.5","8.5","8.5","8.5","8.5","6.4","8.5","8.5","8.5",
"Botswana","BWA","Proportion of seats held by women in national parliaments (%)","SG.GEN.PARL.ZS","","","","","","","","","","","","","","","","","","","","","","","","","","","","","","","5","","","","","","","8.5","8.5","","17","17","17","17","11.1","11.1","11.1","11.1","11.1","7.9","7.9","7.9","7.9","7.9","9.5","9.5","9.5",
"Central African Republic","CAF","Proportion of seats held by women in national parliaments (%)","SG.GEN.PARL.ZS","","","","","","","","","","","","","","","","","","","","","","","","","","","","","","","3.8","","","","","","","3.5","3.5","7.3","7.3","7.3","7.3","","","10.5","10.5","10.5","10.5","9.6","9.6","12.5","12.5","","","","7.2",
"Canada","CAN","Proportion of seats held by women in national parliaments (%)","SG.GEN.PARL.ZS","","","","","","","","","","","","","","","","","","","","","","","","","","","","","","","13.3","","","","","","","20.6","20.6","20.6","","20.6","20.6","20.6","21.1","21.1","20.8","21.3","22.1","22.1","22.1","24.8","24.7","24.7","25.1","26","26",
"Central Europe and the Baltics","CEB","Proportion of seats held by women in national parliaments (%)","SG.GEN.PARL.ZS","","","","","","","","","","","","","","","","","","","","","","","","","","","","","","","21.853746130031","","","","","","","11.4760068551842","10.963324764353","11.4761353898886","12.9412649040954","15.5504230118443","16.1019458544839","16.2407139629462","17.1393024245002","16.7237872340426","17.0997873245427","16.8314759676733","16.8061146496815","17.0580042462845","17.0253078556263","18.4212430821626","19.2579250720461","19.2011929247223","19.6976318141197","20.1164426523297","19.8952508960573",
"Switzerland","CHE","Proportion of seats held by women in national parliaments (%)","SG.GEN.PARL.ZS","","","","","","","","","","","","","","","","","","","","","","","","","","","","","","","14","","","","","","","21","21","22.5","23","23","23","25","25","25","25","28.5","28.5","29","29","28.5","29","29","31","32","32",
"Channel Islands","CHI","Proportion of seats held by women in national parliaments (%)","SG.GEN.PARL.ZS","","","","","","","","","","","","","","","","","","","","","","","","","","","","","","","","","","","","","","","","","","","","","","","","","","","","","","","","","",
"Chile","CHL","Proportion of seats held by women in national parliaments (%)","SG.GEN.PARL.ZS","","","","","","","","","","","","","","","","","","","","","","","","","","","","","","","","","","","","","","7.5","10.8","10.8","10.8","10.8","12.5","12.5","12.5","15","15","15","15","14.2","14.2","14.2","14.2","14.2","15.8","15.8","15.8",
"China","CHN","Proportion of seats held by women in national parliaments (%)","SG.GEN.PARL.ZS","","","","","","","","","","","","","","","","","","","","","","","","","","","","","","","21.3","","","","","","","","21.8","21.8","21.8","21.8","21.8","20.2","20.2","20.3","20.3","20.6","21.3","21.3","21.3","21.3","21.3","23.4","23.4","23.6","23.6",
"Cote d'Ivoire","CIV","Proportion of seats held by women in national parliaments (%)","SG.GEN.PARL.ZS","","","","","","","","","","","","","","","","","","","","","","","","","","","","","","","5.7","","","","","","","8","8","8","","8.5","8.5","8.5","8.5","8.5","8.5","8.9","8.9","8.9","8.9","11","10.4","10.4","9.4","9.2","9.2",
"Cameroon","CMR","Proportion of seats held by women in national parliaments (%)","SG.GEN.PARL.ZS","","","","","","","","","","","","","","","","","","","","","","","","","","","","","","","14.4","","","","","","","5.6","5.6","5.6","5.6","5.6","8.9","8.9","8.9","8.9","8.9","13.9","13.9","13.9","13.9","13.9","13.9","31.1","31.1","31.1","31.1",
"Congo, Dem. Rep.","COD","Proportion of seats held by women in national parliaments (%)","SG.GEN.PARL.ZS","","","","","","","","","","","","","","","","","","","","","","","","","","","","","","","5.4","","","","","","","","","","","","","","12","12","8.4","8.4","8.4","8.4","8.4","","8.9","8.9","10.6","8.9","8.9",
"Congo, Rep.","COG","Proportion of seats held by women in national parliaments (%)","SG.GEN.PARL.ZS","","","","","","","","","","","","","","","","","","","","","","","","","","","","","","","14.3","","","","","","","","12","12","12","12","","8.5","8.5","8.5","8.5","7.3","7.3","7.3","7.3","7.3","7.4","7.4","7.4","7.4","7.4",
"Colombia","COL","Proportion of seats held by women in national parliaments (%)","SG.GEN.PARL.ZS","","","","","","","","","","","","","","","","","","","","","","","","","","","","","","","4.5","","","","","","","11.7","","11.8","11.8","11.8","12","12","12","12.1","8.4","8.4","8.4","8.4","12.7","12.1","12.1","12.1","19.9","19.9","19.9",
"Comoros","COM","Proportion of seats held by women in national parliaments (%)","SG.GEN.PARL.ZS","","","","","","","","","","","","","","","","","","","","","","","","","","","","","","","0","","","","","","","0","0","","","","","","3","3","3","3","3","0","3","3","3","3","3","3","3",
"Cabo Verde","CPV","Proportion of seats held by women in national parliaments (%)","SG.GEN.PARL.ZS","","","","","","","","","","","","","","","","","","","","","","","","","","","","","","","12","","","","","","","11.1","11.1","11.1","11.1","11.1","11.1","11.1","11.1","11.1","15.3","18.1","18.1","18.1","18.1","20.8","20.8","20.8","20.8","20.8","23.6",
"Costa Rica","CRI","Proportion of seats held by women in national parliaments (%)","SG.GEN.PARL.ZS","","","","","","","","","","","","","","","","","","","","","","","","","","","","","","","10.5","","","","","","","15.8","19.3","19.3","19.3","19.3","35.1","35.1","35.1","35.1","38.6","36.8","36.8","36.8","38.6","38.6","38.6","38.6","33.3","33.3","33.3",
"Caribbean small states","CSS","Proportion of seats held by women in national parliaments (%)","SG.GEN.PARL.ZS","","","","","","","","","","","","","","","","","","","","","","","","","","","","","","","11.0007177033493","","","","","","","11.5746556473829","12.0307917888563","12.9149367088608","13.2306451612903","14.5812820512821","","15.9295612009238","17.8300925925926","17.8310185185185","17.2464367816092","18.0911764705882","17.4860986547085","17.3731376975169","15.2439461883408","15.8497767857143","16.1826966292135","17.0811235955056","17.158690744921","19.7336322869955","20.4116591928251",
"Cuba","CUB","Proportion of seats held by women in national parliaments (%)","SG.GEN.PARL.ZS","","","","","","","","","","","","","","","","","","","","","","","","","","","","","","","33.9","","","","","","","22.8","27.6","27.6","27.6","27.6","27.6","36","36","36","36","36","43.2","43.2","43.2","45.2","45.2","48.9","48.9","48.9","48.9",
"Curacao","CUW","Proportion of seats held by women in national parliaments (%)","SG.GEN.PARL.ZS","","","","","","","","","","","","","","","","","","","","","","","","","","","","","","","","","","","","","","","","","","","","","","","","","","","","","","","","","",
"Cayman Islands","CYM","Proportion of seats held by women in national parliaments (%)","SG.GEN.PARL.ZS","","","","","","","","","","","","","","","","","","","","","","","","","","","","","","","","","","","","","","","","","","","","","","","","","","","","","","","","","",
"Cyprus","CYP","Proportion of seats held by women in national parliaments (%)","SG.GEN.PARL.ZS","","","","","","","","","","","","","","","","","","","","","","","","","","","","","","","1.8","","","","","","","5.4","5.4","5.4","7.1","10.7","10.7","10.7","16.1","16.1","14.3","14.3","14.3","12.5","12.5","10.7","10.7","10.7","12.5","12.5","17.9",
"Czech Republic","CZE","Proportion of seats held by women in national parliaments (%)","SG.GEN.PARL.ZS","","","","","","","","","","","","","","","","","","","","","","","","","","","","","","","","","","","","","","15","15","15","15","15","17","17","17","17","15.5","15.5","15.5","15.5","22","22","22","19.5","19.5","20","20",
"Germany","DEU","Proportion of seats held by women in national parliaments (%)","SG.GEN.PARL.ZS","","","","","","","","","","","","","","","","","","","","","","","","","","","","","","","","","","","","","","26.2","26.2","30.9","30.9","31.1","32.2","32.2","32.8","31.8","31.6","31.6","32.2","32.8","32.8","32.9","32.9","36.5","36.5","36.5","36.5",
"Djibouti","DJI","Proportion of seats held by women in national parliaments (%)","SG.GEN.PARL.ZS","","","","","","","","","","","","","","","","","","","","","","","","","","","","","","","0","","","","","","","","0","0","0","0","0","10.8","10.8","10.8","10.8","13.8","13.8","13.8","13.8","13.8","13.8","12.7","12.7","12.7","12.7",
"Dominica","DMA","Proportion of seats held by women in national parliaments (%)","SG.GEN.PARL.ZS","","","","","","","","","","","","","","","","","","","","","","","","","","","","","","","10","","","","","","","9.4","9.4","9.4","","18.8","18.8","18.8","19.4","12.9","12.9","16.1","18.8","14.3","12.5","12.5","12.5","12.5","12.9","21.9","21.9",
"Denmark","DNK","Proportion of seats held by women in national parliaments (%)","SG.GEN.PARL.ZS","","","","","","","","","","","","","","","","","","","","","","","","","","","","","","","30.7","","","","","","","33","37.4","37.4","37.4","","38","38","38","36.9","36.9","38","38","38","38","39.1","39.1","39.1","39.1","37.4","37.4",
"Dominican Republic","DOM","Proportion of seats held by women in national parliaments (%)","SG.GEN.PARL.ZS","","","","","","","","","","","","","","","","","","","","","","","","","","","","","","","7.5","","","","","","","11.7","16.1","16.1","16.1","16.1","17.3","17.3","17.3","17.3","19.7","19.7","19.7","19.7","20.8","20.8","20.8","20.8","20.8","20.8","26.8",
"Algeria","DZA","Proportion of seats held by women in national parliaments (%)","SG.GEN.PARL.ZS","","","","","","","","","","","","","","","","","","","","","","","","","","","","","","","2.4","","","","","","","3.2","3.2","3.2","3.4","3.4","6.2","6.2","6.2","6.2","6.2","7.7","7.7","7.7","7.7","8","31.6","31.6","31.6","31.6","31.6",
"East Asia & Pacific (excluding high income)","EAP","Proportion of seats held by women in national parliaments (%)","SG.GEN.PARL.ZS","","","","","","","","","","","","","","","","","","","","","","","","","","","","","","","17.2139987038237","","","","","","","","17.5318234039061","18.5254321441706","17.3337270341207","17.5756113153268","18.0592336177749","16.8414300736067","17.1295664206642","17.2653834402689","17.6255582329317","17.9675696714931","18.2361029297783","18.495312981807","17.8765508139023","17.8682335976929","18.1832879070435","19.271743486974","19.0210322772572","19.7094508495146","19.8133819589163",
"Early-demographic dividend","EAR","Proportion of seats held by women in national parliaments (%)","SG.GEN.PARL.ZS","","","","","","","","","","","","","","","","","","","","","","","","","","","","","","","6.86683457051962","","","","","","","8.33656767172977","8.84680401479134","8.8104863038494","9.67427338782925","9.50677322907084","11.0776988155668","11.2545153853864","12.1553501180173","12.8898489314665","13.4397657504487","14.7209145282655","15.5453244715222","16.9953154446738","17.4233588716699","17.565348567348","19.301409824437","20.3848682998711","21.0709551479935","22.1644491800241","22.3012957122155",
"East Asia & Pacific","EAS","Proportion of seats held by women in national parliaments (%)","SG.GEN.PARL.ZS","","","","","","","","","","","","","","","","","","","","","","","","","","","","","","","15.0835841313269","","","","","","","","16.0370385674931","16.8371843338878","16.3688070855245","16.5653851472825","17.1210088616224","16.0565725983331","16.6136891556832","16.9284972748508","17.3048942516269","17.7418435975208","17.9527850761955","18.3305479272918","17.7598120300752","17.6856630824373","17.851136782598","18.8202158979392","18.5913170237039","19.2783888458559","19.3918731041456",
"Europe & Central Asia (excluding high income)","ECA","Proportion of seats held by women in national parliaments (%)","SG.GEN.PARL.ZS","","","","","","","","","","","","","","","","","","","","","","","","","","","","","","","","","","","","","","6.42838218714769","6.87999331997328","","7.95969220694172","9.5811156462585","11.5413596657805","9.39040862656073","11.3910105926138","11.2986756832911","11.894750386001","14.1594663278272","14.4864090431125","15.3327673593512","15.4018848957024","16.0979879275654","17.6068880688807","17.8342850110756","18.2455875061973","17.9158312655087","18.3992",
"Europe & Central Asia","ECS","Proportion of seats held by women in national parliaments (%)","SG.GEN.PARL.ZS","","","","","","","","","","","","","","","","","","","","","","","","","","","","","","","16.5650847111655","","","","","","","14.5070676691729","15.1533610945866","16.0553118144782","16.5594094840441","16.5363996977711","18.3323662833632","17.7653736722307","18.8178713495683","19.1680923542771","19.5395054945055","21.0083492844773","21.3502629393855","21.8942851942852","21.9948031924542","22.7058802177858","23.7525524444044","24.6753349518928","25.3484317681585","25.7526788990826","26.1176508941878",
"Ecuador","ECU","Proportion of seats held by women in national parliaments (%)","SG.GEN.PARL.ZS","","","","","","","","","","","","","","","","","","","","","","","","","","","","","","","4.5","","","","","","","3.7","17.4","17.4","14.6","14.6","","16","16","16","25","25","25","32.3","32.3","32.3","32.3","38.7","41.6","41.6","41.6",
"Egypt, Arab Rep.","EGY","Proportion of seats held by women in national parliaments (%)","SG.GEN.PARL.ZS","","","","","","","","","","","","","","","","","","","","","","","","","","","","","","","3.9","","","","","","","2","2","2","2","2.4","2.4","2.4","2.9","2","2","1.8","1.8","1.8","12.7","2","2","","","","14.9",
"Euro area","EMU","Proportion of seats held by women in national parliaments (%)","SG.GEN.PARL.ZS","","","","","","","","","","","","","","","","","","","","","","","","","","","","","","","11.5277864502029","","","","","","","16.8594415197986","17.0208056763561","18.2708542713568","19.3204301075269","19.1232302405498","19.0744598203447","20.6983904828551","21.7106075453209","22.168040037244","23.0403712296984","24.6502087198516","24.9668829663963","25.4669981498612","25.3270814061055","26.0536664353458","27.4312427678778","29.7672433679354","30.117628057222","30.2158477508651","30.3417610353594",
"Eritrea","ERI","Proportion of seats held by women in national parliaments (%)","SG.GEN.PARL.ZS","","","","","","","","","","","","","","","","","","","","","","","","","","","","","","","","","","","","","","21","21","14.7","14.7","14.7","22","22","22","22","22","22","22","22","22","22","22","22","22","22","22",
"Spain","ESP","Proportion of seats held by women in national parliaments (%)","SG.GEN.PARL.ZS","","","","","","","","","","","","","","","","","","","","","","","","","","","","","","","14.6","","","","","","","24.7","24.7","21.6","28.3","28.3","28.3","28.3","36","36","36","36.6","36.3","36.6","36.6","36","36","36","39.7","41.1","39.1",
"Estonia","EST","Proportion of seats held by women in national parliaments (%)","SG.GEN.PARL.ZS","","","","","","","","","","","","","","","","","","","","","","","","","","","","","","","","","","","","","","10.9","10.9","17.8","17.8","17.8","17.8","18.8","18.8","18.8","18.8","20.8","20.8","22.8","22.8","19.8","20.8","20.8","19","23.8","23.8",
"Ethiopia","ETH","Proportion of seats held by women in national parliaments (%)","SG.GEN.PARL.ZS","","","","","","","","","","","","","","","","","","","","","","","","","","","","","","","","","","","","","","2","2","2","7.7","7.7","7.7","7.7","7.7","21.4","21.9","21.9","21.9","21.9","27.8","27.8","27.8","27.8","27.8","38.8","38.8",
"European Union","EUU","Proportion of seats held by women in national parliaments (%)","SG.GEN.PARL.ZS","","","","","","","","","","","","","","","","","","","","","","","","","","","","","","","15.8787858572382","","","","","","","17.114182166302","17.1546635667396","18.0229429935411","19.4503911909591","19.390929419986","20.055079006772","21.0550457424349","21.7040352372833","21.9635258358663","22.6045774162416","23.4831150930393","23.7433213990636","24.0258011277678","24.1689347079038","24.8630709961475","25.7243875884594","27.0906547133931","27.7298367973218","28.3813206756945","28.418549063461",
"Fragile and conflict affected situations","FCS","Proportion of seats held by women in national parliaments (%)","SG.GEN.PARL.ZS","","","","","","","","","","","","","","","","","","","","","","","","","","","","","","","","","","","","","","","","","","","","","","11.5775067230119","12.8906887264332","12.8933720930233","12.8394252873563","12.6632027566195","12.9357499569485","14.3756203007519","14.9469844020797","15.8236455784691","14.8188606901588","17.1837429775281","16.9037030831099",
"Finland","FIN","Proportion of seats held by women in national parliaments (%)","SG.GEN.PARL.ZS","","","","","","","","","","","","","","","","","","","","","","","","","","","","","","","31.5","","","","","","","33.5","33.5","37","36.5","36.5","36.5","37.5","37.5","37.5","38","41.5","41.5","40","40","42.5","42.5","42.5","42.5","41.5","41.5",
"Fiji","FJI","Proportion of seats held by women in national parliaments (%)","SG.GEN.PARL.ZS","","","","","","","","","","","","","","","","","","","","","","","","","","","","","","","","","","","","","","4.3","4.3","11.3","","5.7","5.7","5.7","8.5","8.5","","","","","","","","","14","16","16",
"France","FRA","Proportion of seats held by women in national parliaments (%)","SG.GEN.PARL.ZS","","","","","","","","","","","","","","","","","","","","","","","","","","","","","","","6.9","","","","","","","10.9","10.9","10.9","10.9","10.9","12.1","12.2","12.2","12.2","12.2","18.2","18.2","18.9","18.9","18.9","26.9","26.9","26.2","26.2","26.2",
"Faroe Islands","FRO","Proportion of seats held by women in national parliaments (%)","SG.GEN.PARL.ZS","","","","","","","","","","","","","","","","","","","","","","","","","","","","","","","","","","","","","","","","","","","","","","","","","","","","","","","","","",
"Micronesia, Fed. Sts.","FSM","Proportion of seats held by women in national parliaments (%)","SG.GEN.PARL.ZS","","","","","","","","","","","","","","","","","","","","","","","","","","","","","","","","","","","","","","0","0","0","0","0","0","0","0","0","0","0","0","0","0","0","0","0","0","0","0",
"Gabon","GAB","Proportion of seats held by women in national parliaments (%)","SG.GEN.PARL.ZS","","","","","","","","","","","","","","","","","","","","","","","","","","","","","","","13.3","","","","","","","8.3","8.3","8.3","9.2","9.2","9.2","9.2","9.2","9.2","12.5","16.7","16.7","14.7","14.7","14.2","15.8","15.8","15","14.2","14.2",
"United Kingdom","GBR","Proportion of seats held by women in national parliaments (%)","SG.GEN.PARL.ZS","","","","","","","","","","","","","","","","","","","","","","","","","","","","","","","6.3","","","","","","","18.2","18.2","18.4","18.4","17.9","17.9","17.9","18.1","19.7","19.7","19.5","19.5","19.5","22","22.3","22.5","22.5","22.6","29.4","29.6",
"Georgia","GEO","Proportion of seats held by women in national parliaments (%)","SG.GEN.PARL.ZS","","","","","","","","","","","","","","","","","","","","","","","","","","","","","","","","","","","","","","6.9","6.9","","7.2","7.2","7.2","7.2","9.4","9.4","9.4","9.4","6","5.1","6.5","6.6","12","12","12","11.3","",
"Ghana","GHA","Proportion of seats held by women in national parliaments (%)","SG.GEN.PARL.ZS","","","","","","","","","","","","","","","","","","","","","","","","","","","","","","","","","","","","","","9","9","9","","9","9","9","10.9","10.9","10.9","10.9","7.9","8.3","8.3","8.3","","10.9","10.9","10.9","10.9",
"Gibraltar","GIB","Proportion of seats held by women in national parliaments (%)","SG.GEN.PARL.ZS","","","","","","","","","","","","","","","","","","","","","","","","","","","","","","","","","","","","","","","","","","","","","","","","","","","","","","","","","",
"Guinea","GIN","Proportion of seats held by women in national parliaments (%)","SG.GEN.PARL.ZS","","","","","","","","","","","","","","","","","","","","","","","","","","","","","","","","","","","","","","7","8.8","8.8","8.8","8.8","","19.3","19.3","19.3","19.3","19.3","","","","","","","21.9","21.9","21.9",
"Gambia, The","GMB","Proportion of seats held by women in national parliaments (%)","SG.GEN.PARL.ZS","","","","","","","","","","","","","","","","","","","","","","","","","","","","","","","7.8","","","","","","","2","2","2","2","2","5.7","13.2","13.2","13.2","13.2","9.4","9.4","7.5","7.5","7.5","7.5","7.5","9.4","9.4","9.4",
"Guinea-Bissau","GNB","Proportion of seats held by women in national parliaments (%)","SG.GEN.PARL.ZS","","","","","","","","","","","","","","","","","","","","","","","","","","","","","","","20","","","","","","","10","10","","7.8","7.8","7.8","","14","14","14","14","10","10","10","10","14","14","13.7","13.7","13.7",
"Equatorial Guinea","GNQ","Proportion of seats held by women in national parliaments (%)","SG.GEN.PARL.ZS","","","","","","","","","","","","","","","","","","","","","","","","","","","","","","","13.3","","","","","","","8.8","8.8","5","5","5","5","5","18","18","18","18","6","10","10","10","10","12.1","24","24","24",
"Greece","GRC","Proportion of seats held by women in national parliaments (%)","SG.GEN.PARL.ZS","","","","","","","","","","","","","","","","","","","","","","","","","","","","","","","6.7","","","","","","","6.3","6.3","6.3","8.7","8.7","8.7","8.7","14","13","13","14.7","14.7","17.3","17.3","18.7","21","21","21","19.7","19.7",
"Grenada","GRD","Proportion of seats held by women in national parliaments (%)","SG.GEN.PARL.ZS","","","","","","","","","","","","","","","","","","","","","","","","","","","","","","","","","","","","","","20","20","","26.7","26.7","26.7","26.7","26.7","26.7","26.7","26.7","13.3","13.3","13.3","13.3","13.3","33.3","33.3","33.3","33.3",
"Greenland","GRL","Proportion of seats held by women in national parliaments (%)","SG.GEN.PARL.ZS","","","","","","","","","","","","","","","","","","","","","","","","","","","","","","","","","","","","","","","","","","","","","","","","","","","","","","","","","",
"Guatemala","GTM","Proportion of seats held by women in national parliaments (%)","SG.GEN.PARL.ZS","","","","","","","","","","","","","","","","","","","","","","","","","","","","","","","7","","","","","","","12.5","12.5","7.1","8.8","8.8","8.8","8.2","8.2","8.2","8.2","12","12","12","12","13.3","13.3","13.3","13.3","13.9","13.9",
"Guam","GUM","Proportion of seats held by women in national parliaments (%)","SG.GEN.PARL.ZS","","","","","","","","","","","","","","","","","","","","","","","","","","","","","","","","","","","","","","","","","","","","","","","","","","","","","","","","","",
"Guyana","GUY","Proportion of seats held by women in national parliaments (%)","SG.GEN.PARL.ZS","","","","","","","","","","","","","","","","","","","","","","","","","","","","","","","36.9","","","","","","","","","18.5","18.5","18.3","20","20","30.8","30.8","29","29","30","30","30","31.3","31.3","31.3","31.3","30.4","30.4",
"High income","HIC","Proportion of seats held by women in national parliaments (%)","SG.GEN.PARL.ZS","","","","","","","","","","","","","","","","","","","","","","","","","","","","","","","12.2565152643336","","","","","","","16.311982615894","16.4338541127781","17.432851566621","","18.1714746345658","18.8618915159944","19.3749177969585","19.8546878241029","20.4193257744483","20.9476916860289","21.8637708878599","22.0328136002414","22.5968238013871","22.6926361261804","23.2954133977067","23.8617410534781","25.2116029308441","25.8766492789199","26.6673540220498","26.664756767759",
"Hong Kong SAR, China","HKG","Proportion of seats held by women in national parliaments (%)","SG.GEN.PARL.ZS","","","","","","","","","","","","","","","","","","","","","","","","","","","","","","","","","","","","","","","","","","","","","","","","","","","","","","","","","",
"Honduras","HND","Proportion of seats held by women in national parliaments (%)","SG.GEN.PARL.ZS","","","","","","","","","","","","","","","","","","","","","","","","","","","","","","","10.2","","","","","","","","9.4","9.4","9.4","9.4","5.5","5.5","5.5","23.4","23.4","23.4","23.4","18","18","19.5","19.5","19.5","25.8","25.8","25.8",
"Heavily indebted poor countries (HIPC)","HPC","Proportion of seats held by women in national parliaments (%)","SG.GEN.PARL.ZS","","","","","","","","","","","","","","","","","","","","","","","","","","","","","","","","","","","","","","8.93826681870011","9.34073590246027","9.11633782483157","","11.9151053159478","13.5170812238609","13.5259223488507","14.0612952575217","16.8961817900757","17.1080929243851","17.6377903422983","17.5948358998289","17.7197632058288","18.3232624113475","20.3621315544524","21.4993286542569","21.7969413511507","22.0848109113453","23.8529498525074","23.5775759296055",
"Croatia","HRV","Proportion of seats held by women in national parliaments (%)","SG.GEN.PARL.ZS","","","","","","","","","","","","","","","","","","","","","","","","","","","","","","","","","","","","","","7.9","7.9","7.9","20.5","20.5","20.5","","21.7","21.7","21.7","20.9","20.9","23.5","23.5","23.8","23.8","23.8","23.8","15.2","12.6",
"Haiti","HTI","Proportion of seats held by women in national parliaments (%)","SG.GEN.PARL.ZS","","","","","","","","","","","","","","","","","","","","","","","","","","","","","","","","","","","","","","3.6","3.6","3.6","","3.6","3.6","3.6","3.6","3.6","2","4.1","4.1","4.1","11.1","4.2","4.2","4.2","4.2","4.2","0",
"Hungary","HUN","Proportion of seats held by women in national parliaments (%)","SG.GEN.PARL.ZS","","","","","","","","","","","","","","","","","","","","","","","","","","","","","","","20.7","","","","","","","11.4","8.3","8.3","8.3","8.3","9.1","9.8","9.1","9.1","10.4","11.1","11.1","11.1","9.1","8.8","8.8","8.8","10.1","10.1","10.1",
"IBRD only","IBD","Proportion of seats held by women in national parliaments (%)","SG.GEN.PARL.ZS","","","","","","","","","","","","","","","","","","","","","","","","","","","","","","","13.1592954240858","","","","","","","9.30349861565568","12.6541885366366","12.6311557041992","12.7511226007508","13.0827460106383","14.4332404763563","13.9340737333246","14.8744437340153","14.4404628890662","15.1692265227259","15.926648135839","16.3753313875714","17.3225058562076","17.693066063025","18.0152797224082","19.293380206161","20.1523335407592","21.0528497084457","21.2860964940087","21.7831317980191",
"IDA & IBRD total","IBT","Proportion of seats held by women in national parliaments (%)","SG.GEN.PARL.ZS","","","","","","","","","","","","","","","","","","","","","","","","","","","","","","","12.1367088607595","","","","","","","8.70656423121146","10.9398752485988","11.0241880803813","11.4352677529296","11.9849991286162","13.2141865878772","13.0366070689512","13.8300583310186","14.5094700686948","15.008943394809","15.9135336366713","16.5007172054998","17.2467370266224","17.4152623959464","18.1869782671272","19.2863074204947","20.06547043444","20.4176363702439","21.1147879666546","21.3817079121645",
"IDA total","IDA","Proportion of seats held by women in national parliaments (%)","SG.GEN.PARL.ZS","","","","","","","","","","","","","","","","","","","","","","","","","","","","","","","","","","","","","","7.72044352044352","7.81341416719847","","","","11.0203784935456","11.5098602571269","12.1216399958163","14.6196178343949","14.7557364341085","15.8919255276782","16.6977828746177","17.1292155766723","16.9851701558609","18.4351517817862","19.2760006946253","19.9476837397688","19.541856846473","20.8861301514767","20.8416741600589",
"IDA blend","IDB","Proportion of seats held by women in national parliaments (%)","SG.GEN.PARL.ZS","","","","","","","","","","","","","","","","","","","","","","","","","","","","","","","","","","","","","","","","","","","10.2124386252046","10.9485239852399","11.6833824975418","12.5704176904177","12.6540886699507","13.3385921118323","13.654172696575","14.0170454545455","13.6706717123936","14.0225592417062","14.6542749173359","18.8240350877193","18.8204036858271","18.6289256198347","18.8025663331883",
"Indonesia","IDN","Proportion of seats held by women in national parliaments (%)","SG.GEN.PARL.ZS","","","","","","","","","","","","","","","","","","","","","","","","","","","","","","","12.4","","","","","","","11.4","11.4","","8","8","8","8","11.3","11.3","11.3","11.6","11.6","17.9","18","18.2","18.6","18.6","16.9","17.1","17.1",
"IDA only","IDX","Proportion of seats held by women in national parliaments (%)","SG.GEN.PARL.ZS","","","","","","","","","","","","","","","","","","","","","","","","","","","","","","","","","","","","","","8.10901213171577","8.08560747663551","7.96448630136986","9.633032873807","","11.2613407094045","11.6894348531799","12.2400690846287","15.1300367197062","15.2703739445115","16.5279567218008","17.4497080204982","17.8915564834145","17.7878794821858","19.4411561318206","20.3168723404255","20.215358896667","19.7188610184089","21.4313406177768","21.3135796255285",
"Isle of Man","IMN","Proportion of seats held by women in national parliaments (%)","SG.GEN.PARL.ZS","","","","","","","","","","","","","","","","","","","","","","","","","","","","","","","3.75092630712227","","","","","","","3.53378684807256","3.96341463414634","3.6199460916442","3.89556135770235","4.25410928476233","5.08583055863855","5.81795058139535","5.83741120757695","6.35540780141844","8.38098360655738","8.49374255065554","8.47923627684964","8.41144219308701","9.01106593087424","8.93842010771993","","","","","",
"India","IND","Proportion of seats held by women in national parliaments (%)","SG.GEN.PARL.ZS","","","","","","","","","","","","","","","","","","","","","","","","","","","","","","","5","","","","","","","7.2","8.1","8.4","9","8.8","8.8","8.8","8.3","8.3","8.3","9.1","9.1","10.8","10.8","11","11","11","11.4","12","12",
"Not classified","INX","Proportion of seats held by women in national parliaments (%)","SG.GEN.PARL.ZS","","","","","","","","","","","","","","","","","","","","","","","","","","","","","","","","","","","","","","","","","","","","","","","","","","","","","","","","","",
"Ireland","IRL","Proportion of seats held by women in national parliaments (%)","SG.GEN.PARL.ZS","","","","","","","","","","","","","","","","","","","","","","","","","","","","","","","7.8","","","","","","","12","12","12","12","12","13.3","13.3","13.3","13.3","13.3","13.3","13.3","13.9","13.9","15.1","15.1","15.7","15.7","16.3","22.2",
"Iran, Islamic Rep.","IRN","Proportion of seats held by women in national parliaments (%)","SG.GEN.PARL.ZS","","","","","","","","","","","","","","","","","","","","","","","","","","","","","","","1.5","","","","","","","4.9","4.9","4.9","3.4","3.4","4.1","4.1","4.1","4.1","4.1","4.1","2.8","2.8","2.8","2.8","3.1","3.1","3.1","3.1","5.9",
"Iraq","IRQ","Proportion of seats held by women in national parliaments (%)","SG.GEN.PARL.ZS","","","","","","","","","","","","","","","","","","","","","","","","","","","","","","","10.8","","","","","","","6.4","6.4","6.4","7.6","7.6","7.6","","","","25.5","25.5","25.5","25.5","25.2","25.2","25.2","25.2","25.3","26.5","26.5",
"Iceland","ISL","Proportion of seats held by women in national parliaments (%)","SG.GEN.PARL.ZS","","","","","","","","","","","","","","","","","","","","","","","","","","","","","","","20.6","","","","","","","25.4","25.4","34.9","34.9","34.9","34.9","30.2","30.2","33.3","33.3","33.3","33.3","42.9","42.9","39.7","39.7","39.7","39.7","41.3","47.6",
"Israel","ISR","Proportion of seats held by women in national parliaments (%)","SG.GEN.PARL.ZS","","","","","","","","","","","","","","","","","","","","","","","","","","","","","","","6.7","","","","","","","7.5","7.5","11.7","12.5","13.3","14.2","15","15","15","14.2","14.2","14.2","18.3","19.2","20","20","22.5","22.5","26.7","26.7",
"Italy","ITA","Proportion of seats held by women in national parliaments (%)","SG.GEN.PARL.ZS","","","","","","","","","","","","","","","","","","","","","","","","","","","","","","","12.9","","","","","","","11.1","11.1","11.1","11.1","9.8","9.8","11.5","11.5","11.5","17.3","17.3","21.3","21.3","21.3","21.6","21.4","31.4","31.4","31","31",
"Jamaica","JAM","Proportion of seats held by women in national parliaments (%)","SG.GEN.PARL.ZS","","","","","","","","","","","","","","","","","","","","","","","","","","","","","","","5","","","","","","","11.7","13.6","13.3","13.3","13.3","","11.7","11.7","11.7","11.7","13.3","13.3","13.3","13.3","12.7","12.7","12.7","12.7","12.7","17.5",
"Jordan","JOR","Proportion of seats held by women in national parliaments (%)","SG.GEN.PARL.ZS","","","","","","","","","","","","","","","","","","","","","","","","","","","","","","","0","","","","","","","0","0","0","0","1.3","1.3","5.5","5.5","5.5","5.5","6.4","6.4","6.4","10.8","10.8","10.8","12.2","12","12","15.4",
"Japan","JPN","Proportion of seats held by women in national parliaments (%)","SG.GEN.PARL.ZS","","","","","","","","","","","","","","","","","","","","","","","","","","","","","","","1.4","","","","","","","4.6","4.6","4.6","7.3","7.3","7.3","7.1","7.1","9","9.4","9.4","9.4","11.3","11.3","10.8","7.9","8.1","8.1","9.5","9.5",
"Kazakhstan","KAZ","Proportion of seats held by women in national parliaments (%)","SG.GEN.PARL.ZS","","","","","","","","","","","","","","","","","","","","","","","","","","","","","","","","","","","","","","13.4","13.4","10.8","10.4","10.4","10.4","10.4","10.4","10.4","10.4","15.9","15.9","17.8","17.8","17.8","24.3","24.3","25.2","26.2","27.1",
"Kenya","KEN","Proportion of seats held by women in national parliaments (%)","SG.GEN.PARL.ZS","","","","","","","","","","","","","","","","","","","","","","","","","","","","","","","1.1","","","","","","","3","3.6","3.6","3.6","3.6","3.6","7.1","7.1","7.1","7.3","7.2","9.8","9.8","9.8","9.8","9.8","18.6","19.1","19.7","19.7",
"Kyrgyz Republic","KGZ","Proportion of seats held by women in national parliaments (%)","SG.GEN.PARL.ZS","","","","","","","","","","","","","","","","","","","","","","","","","","","","","","","","","","","","","","1.4","1.4","1.4","2.3","10","10","10","10","0","0","25.6","25.6","25.6","23.3","23.3","23.3","23.3","23.3","19.2","19.2",
"Cambodia","KHM","Proportion of seats held by women in national parliaments (%)","SG.GEN.PARL.ZS","","","","","","","","","","","","","","","","","","","","","","","","","","","","","","","","","","","","","","5.8","5.8","8.2","7.4","7.4","7.4","9.8","9.8","9.8","9.8","19.5","16.3","21.1","21.1","20.3","20.3","20.3","20.3","20.3","20.3",
"Kiribati","KIR","Proportion of seats held by women in national parliaments (%)","SG.GEN.PARL.ZS","","","","","","","","","","","","","","","","","","","","","","","","","","","","","","","0","","","","","","","0","0","4.9","4.9","4.8","4.8","","4.8","4.8","7.1","4.3","4.3","4.3","4.3","8.7","8.7","8.7","8.7","8.7","6.5",
"St. Kitts and Nevis","KNA","Proportion of seats held by women in national parliaments (%)","SG.GEN.PARL.ZS","","","","","","","","","","","","","","","","","","","","","","","","","","","","","","","6.7","","","","","","","13.3","13.3","13.3","13.3","13.3","13.3","13.3","0","0","0","6.7","6.7","6.7","6.7","6.7","6.7","6.7","6.7","13.3","13.3",
"Korea, Rep.","KOR","Proportion of seats held by women in national parliaments (%)","SG.GEN.PARL.ZS","","","","","","","","","","","","","","","","","","","","","","","","","","","","","","","2","","","","","","","3","3.7","3.7","5.9","5.9","5.9","5.9","13","13.4","13.4","14.4","13.7","14.7","14.7","14.7","15.7","15.7","16.3","16.3","17",
"Kuwait","KWT","Proportion of seats held by women in national parliaments (%)","SG.GEN.PARL.ZS","","","","","","","","","","","","","","","","","","","","","","","","","","","","","","","","","","","","","","0","0","0","0","0","0","0","0","1.5","1.5","1.5","3.1","7.7","7.7","7.7","6.2","6.2","1.5","1.5","1.5",
"Latin America & Caribbean (excluding high income)","LAC","Proportion of seats held by women in national parliaments (%)","SG.GEN.PARL.ZS","","","","","","","","","","","","","","","","","","","","","","","","","","","","","","","12.2757012020607","","","","","","","13.5871123155676","15.9238357843137","14.5860614934114","15.5183904528764","14.6398498498498","16.3898362507058","18.9103567625133","19.5530319148936","20.8162901939942","20.9547244094488","21.7499343659753","22.9302776322682","23.4919123402035","23.7986698590051","23.8844461901021","25.4565854935847","25.8100527631214","28.5713579604579","28.9908384230983","29.7908456167572",
"Lao PDR","LAO","Proportion of seats held by women in national parliaments (%)","SG.GEN.PARL.ZS","","","","","","","","","","","","","","","","","","","","","","","","","","","","","","","6.3","","","","","","","","21.2","21.2","21.2","21.2","22.9","22.9","22.9","22.9","25.2","25.2","25.2","25.2","25.2","25","25","25","25","25","27.5",
"Lebanon","LBN","Proportion of seats held by women in national parliaments (%)","SG.GEN.PARL.ZS","","","","","","","","","","","","","","","","","","","","","","","","","","","","","","","0","","","","","","","2.3","2.3","2.3","2.3","2.3","2.3","2.3","2.3","4.7","4.7","4.7","4.7","3.1","3.1","3.1","3.1","3.1","3.1","3.1","3.1",
"Liberia","LBR","Proportion of seats held by women in national parliaments (%)","SG.GEN.PARL.ZS","","","","","","","","","","","","","","","","","","","","","","","","","","","","","","","","","","","","","","","","","7.8","7.8","7.8","7.8","5.3","12.5","12.5","12.5","12.5","12.5","12.5","9.6","11","11","11","11","11",
"Libya","LBY","Proportion of seats held by women in national parliaments (%)","SG.GEN.PARL.ZS","","","","","","","","","","","","","","","","","","","","","","","","","","","","","","","","","","","","","","","","","","","","","","4.7","7.7","7.7","7.7","7.7","7.7","","16.5","16.5","16","16","16",
"St. Lucia","LCA","Proportion of seats held by women in national parliaments (%)","SG.GEN.PARL.ZS","","","","","","","","","","","","","","","","","","","","","","","","","","","","","","","0","","","","","","","11.8","11.8","11.1","11.1","","11.1","11.1","11.1","11.1","0","11.1","11.1","11.1","11.1","16.7","16.7","16.7","16.7","16.7","16.7",
"Latin America & Caribbean","LCN","Proportion of seats held by women in national parliaments (%)","SG.GEN.PARL.ZS","","","","","","","","","","","","","","","","","","","","","","","","","","","","","","","11.9073320845598","","","","","","","13.1389613920609","15.3476111571389","14.3362643218758","15.1595987740318","14.3325196636832","16.0790101062451","18.450255164034","19.0129157562515","20.2153081028627","20.3485967857999","21.1167704839483","22.1718144872101","22.7116245831348","23.0228848484848","23.0389486260454","24.491487326638","24.8102169525732","27.5397527341893","27.9083501513623","28.7077086781745",
"Least developed countries: UN classification","LDC","Proportion of seats held by women in national parliaments (%)","SG.GEN.PARL.ZS","","","","","","","","","","","","","","","","","","","","","","","","","","","","","","","","","","","","","","8.43575819672131","8.5901332839689","8.23334022750776","9.9162946869445","","11.7377505351236","12.3926218256692","12.7571712234611","15.6926421404682","15.9166438168358","17.0079857651246","18.7703959858964","19.4060058078142","19.2638725682204","20.8288506453596","21.3984497944803","21.6041968850315","21.1018345235164","23.0443219932918","22.7911103503366",
"Low income","LIC","Proportion of seats held by women in national parliaments (%)","SG.GEN.PARL.ZS","","","","","","","","","","","","","","","","","","","","","","","","","","","","","","","","","","","","","","11.3850611246944","11.6923790913532","11.0617616580311","12.5719178082192","13.6616887491579","15.0475179056557","14.4298043419995","15.4780526109148","17.8800740610122","17.9459307435402","18.6515889464594","20.1322446258957","19.6153846153846","19.666182186919","21.9404598060682","22.565553576729","23.454328358209","22.8539767368752","24.1921008911041","23.9191480144404",
"Liechtenstein","LIE","Proportion of seats held by women in national parliaments (%)","SG.GEN.PARL.ZS","","","","","","","","","","","","","","","","","","","","","","","","","","","","","","","4","","","","","","","4","4","4","4","12","12","12","12","24","24","24","24","24","24","24","24","20","20","20","20",
"Sri Lanka","LKA","Proportion of seats held by women in national parliaments (%)","SG.GEN.PARL.ZS","","","","","","","","","","","","","","","","","","","","","","","","","","","","","","","4.9","","","","","","","5.3","5.3","4.9","","","4.4","4.4","4.9","4.9","4.9","5.8","5.8","5.8","5.3","5.8","5.8","5.8","5.8","4.9","5.8",
"Lower middle income","LMC","Proportion of seats held by women in national parliaments (%)","SG.GEN.PARL.ZS","","","","","","","","","","","","","","","","","","","","","","","","","","","","","","","10.2511196690914","","","","","","","7.32832443427409","7.78077638596056","8.03204611751632","8.13975099473752","8.54912237022283","9.72039126260201","9.91396535232225","10.521280882197","11.4930399073392","11.8753549060543","12.6994562853415","13.1769965650494","14.4570025348542","15.0777856277755","14.8009570331971","15.3246775667716","16.454988708684","17.1456715500461","17.8071890062558","18.1787548638132",
"Low & middle income","LMY","Proportion of seats held by women in national parliaments (%)","SG.GEN.PARL.ZS","","","","","","","","","","","","","","","","","","","","","","","","","","","","","","","12.907936002909","","","","","","","9.41493473383643","11.6283730597444","11.7395906236518","12.1106088224572","12.4649673648735","13.6499189556227","13.4709828132822","14.412662464005","15.0407987847801","15.5285914454277","16.4054495107993","17.1445287700223","17.7550824964132","17.9092903363436","18.6098011464157","19.6837052485228","20.5575993243481","20.8958413650318","21.521529533236","21.7933735352566",
"Lesotho","LSO","Proportion of seats held by women in national parliaments (%)","SG.GEN.PARL.ZS","","","","","","","","","","","","","","","","","","","","","","","","","","","","","","","","","","","","","","4.6","3.8","3.8","3.8","3.8","","11.7","11.7","11.7","11.7","23.5","25","24.2","24.2","24.2","26.7","26.7","26.7","25","25",
"Late-demographic dividend","LTE","Proportion of seats held by women in national parliaments (%)","SG.GEN.PARL.ZS","","","","","","","","","","","","","","","","","","","","","","","","","","","","","","","16.764763725758","","","","","","","","14.1598044369677","14.7432062239755","14.7611832769348","15.1127021254958","15.6910257685802","15.0667335939977","15.7746300832925","16.0267167381974","16.0501070038911","16.7430652790918","17.0792887029289","17.2146698337292","17.2486263736264","17.6592526523331","18.2834745368215","18.9057296995628","19.1304020579268","19.361890651883","19.9113519790961",
"Lithuania","LTU","Proportion of seats held by women in national parliaments (%)","SG.GEN.PARL.ZS","","","","","","","","","","","","","","","","","","","","","","","","","","","","","","","","","","","","","","17.5","17.5","17.5","10.6","10.6","10.6","10.6","22","22","24.8","22.7","17.7","19.1","19.1","19.1","24.5","24.1","24.1","23.4","21.3",
"Luxembourg","LUX","Proportion of seats held by women in national parliaments (%)","SG.GEN.PARL.ZS","","","","","","","","","","","","","","","","","","","","","","","","","","","","","","","13.3","","","","","","","20","20","16.7","16.7","16.7","16.7","16.7","23.3","23.3","23.3","23.3","23.3","20","20","25","21.7","23.3","28.3","28.3","28.3",
"Latvia","LVA","Proportion of seats held by women in national parliaments (%)","SG.GEN.PARL.ZS","","","","","","","","","","","","","","","","","","","","","","","","","","","","","","","","","","","","","","9","9","17","17","17","18","21","21","21","19","20","20","22","20","23","23","23","18","18","18",
"Macao SAR, China","MAC","Proportion of seats held by women in national parliaments (%)","SG.GEN.PARL.ZS","","","","","","","","","","","","","","","","","","","","","","","","","","","","","","","","","","","","","","","","","","","","","","","","","","","","","","","","","",
"St. Martin (French part)","MAF","Proportion of seats held by women in national parliaments (%)","SG.GEN.PARL.ZS","","","","","","","","","","","","","","","","","","","","","","","","","","","","","","","","","","","","","","","","","","","","","","","","","","","","","","","","","",
"Morocco","MAR","Proportion of seats held by women in national parliaments (%)","SG.GEN.PARL.ZS","","","","","","","","","","","","","","","","","","","","","","","","","","","","","","","0","","","","","","","0.6","0.6","0.6","0.6","0.6","10.8","10.8","10.8","10.8","10.8","10.5","10.5","10.5","10.5","17","17","17","17","17","20.5",
"Monaco","MCO","Proportion of seats held by women in national parliaments (%)","SG.GEN.PARL.ZS","","","","","","","","","","","","","","","","","","","","","","","","","","","","","","","11.1","","","","","","","5.6","22.2","22.2","22.2","22.2","22.2","20.8","20.8","20.8","20.8","20.8","25","26.1","26.1","19","19","20.8","20.8","20.8","20.8",
"Moldova","MDA","Proportion of seats held by women in national parliaments (%)","SG.GEN.PARL.ZS","","","","","","","","","","","","","","","","","","","","","","","","","","","","","","","","","","","","","","4.8","","8.9","7.9","12.9","12.9","12.9","15.8","21.8","21.8","21.8","21.8","23.8","18.8","19.8","19.8","19.8","17.8","21.8","21.8",
"Madagascar","MDG","Proportion of seats held by women in national parliaments (%)","SG.GEN.PARL.ZS","","","","","","","","","","","","","","","","","","","","","","","","","","","","","","","6.5","","","","","","","3.7","","8","8","8","","3.8","6.9","6.9","6.9","7.9","7.9","","12.5","12.5","17.5","17.5","20.5","20.5","20.5",
"Maldives","MDV","Proportion of seats held by women in national parliaments (%)","SG.GEN.PARL.ZS","","","","","","","","","","","","","","","","","","","","","","","","","","","","","","","6.3","","","","","","","6.3","6.3","","6","6","6","6","6","12","12","12","12","6.5","6.5","6.5","6.5","6.5","5.9","5.9","5.9",
"Middle East & North Africa","MEA","Proportion of seats held by women in national parliaments (%)","SG.GEN.PARL.ZS","","","","","","","","","","","","","","","","","","","","","","","","","","","","","","","3.8038374717833","","","","","","","4.00353398058252","3.61574294457667","4.1812521036688","4.19936560934891","4.32920147009689","5.8971019320453","5.87146739130435","6.60036255767963","6.16987447698745","8.06238845144357","8.35554685460715","8.30806577916993","8.79245867768595","10.4278446115288","10.0586466165414","13.1462991718427","15.9354265402844","16.0883051350549","16.3882457702582","17.0153100280684",
"Mexico","MEX","Proportion of seats held by women in national parliaments (%)","SG.GEN.PARL.ZS","","","","","","","","","","","","","","","","","","","","","","","","","","","","","","","12","","","","","","","14.2","17.4","18.2","16","16","16","22.6","22.6","24.2","22.6","23.2","23.2","27.6","26.2","26.2","36.8","36.8","37.4","42.4","42.4",
"Marshall Islands","MHL","Proportion of seats held by women in national parliaments (%)","SG.GEN.PARL.ZS","","","","","","","","","","","","","","","","","","","","","","","","","","","","","","","","","","","","","","","","","3","3","3","3","3","3","3","3","3","3","3","3","3","3","3","9.1","9.1",
"Middle income","MIC","Proportion of seats held by women in national parliaments (%)","SG.GEN.PARL.ZS","","","","","","","","","","","","","","","","","","","","","","","","","","","","","","","13.1595478850124","","","","","","","8.89581239530988","11.614223230196","11.8934886183166","12.0049955197133","12.1843164103644","13.3485621471935","13.294244355516","14.1492622791691","14.2855675422139","14.8868928188139","15.7947358534867","16.3069466504718","17.2272630997329","17.4412130217479","17.635947503201","18.802355664488","19.6639176681862","20.3204830962498","20.6978151495388","21.1320830151386",
"Macedonia, FYR","MKD","Proportion of seats held by women in national parliaments (%)","SG.GEN.PARL.ZS","","","","","","","","","","","","","","","","","","","","","","","","","","","","","","","","","","","","","","3.3","3.3","7.5","6.7","6.7","17.5","18.3","19.2","19.2","28.3","29.2","31.7","32.5","32.5","30.9","32.5","34.1","33.3","33.3","33.3",
"Mali","MLI","Proportion of seats held by women in national parliaments (%)","SG.GEN.PARL.ZS","","","","","","","","","","","","","","","","","","","","","","","","","","","","","","","","","","","","","","12.2","12.2","12.2","12.2","12.2","10.2","10.2","10.2","10.2","10.2","10.2","10.2","10.2","10.2","10.2","10.2","10.2","9.5","8.8","8.8",
"Malta","MLT","Proportion of seats held by women in national parliaments (%)","SG.GEN.PARL.ZS","","","","","","","","","","","","","","","","","","","","","","","","","","","","","","","2.9","","","","","","","5.8","5.8","9.2","9.2","9.2","9.2","7.7","9.2","9.2","9.2","9.2","8.7","8.7","8.7","8.7","8.7","14.3","14.3","12.9","12.9",
"Myanmar","MMR","Proportion of seats held by women in national parliaments (%)","SG.GEN.PARL.ZS","","","","","","","","","","","","","","","","","","","","","","","","","","","","","","","","","","","","","","","","","","","","","","","","","","","4.3","3.5","6","6","5.6","12.7","9.9",
"Middle East & North Africa (excluding high income)","MNA","Proportion of seats held by women in national parliaments (%)","SG.GEN.PARL.ZS","","","","","","","","","","","","","","","","","","","","","","","","","","","","","","","3.74907369287773","","","","","","","3.92373693379791","3.50627347858753","3.88679597165237","3.8739741219963","3.98198298187199","5.67887168141593","6.00846030473136","6.96853258696521","6.40873965041398","8.63830445544554","8.8522896039604","8.77397769516729","9.09990822881615","10.9838500147623","10.5150602409639","14.1653480527446","16.4158426560808","16.7501085383502","16.9021353601158","17.5585873830365",
"Montenegro","MNE","Proportion of seats held by women in national parliaments (%)","SG.GEN.PARL.ZS","","","","","","","","","","","","","","","","","","","","","","","","","","","","","","","","","","","","","","","","","","","","","","","8.6","11.1","11.1","11.1","11.1","12.3","17.3","16","17.3","17.3","23.5",
"Mongolia","MNG","Proportion of seats held by women in national parliaments (%)","SG.GEN.PARL.ZS","","","","","","","","","","","","","","","","","","","","","","","","","","","","","","","24.9","","","","","","","7.9","7.9","7.9","10.5","10.5","10.5","10.5","6.8","6.7","6.6","6.6","4.2","3.9","3.9","3.9","14.9","14.9","14.9","14.5","17.1",
"Northern Mariana Islands","MNP","Proportion of seats held by women in national parliaments (%)","SG.GEN.PARL.ZS","","","","","","","","","","","","","","","","","","","","","","","","","","","","","","","","","","","","","","","","","","","","","","","","","","","","","","","","","",
"Mozambique","MOZ","Proportion of seats held by women in national parliaments (%)","SG.GEN.PARL.ZS","","","","","","","","","","","","","","","","","","","","","","","","","","","","","","","15.7","","","","","","","25.2","25.2","","30","30","30","30","34.8","34.8","34.8","34.8","34.8","39.2","39.2","39.2","39.2","39.2","","39.6","39.6",
"Mauritania","MRT","Proportion of seats held by women in national parliaments (%)","SG.GEN.PARL.ZS","","","","","","","","","","","","","","","","","","","","","","","","","","","","","","","","","","","","","","1.3","3.8","3.8","3.8","","","3.7","3.7","","17.9","22.1","22.1","22.1","22.1","22.1","22.1","22.1","25.2","25.2","25.2",
"Mauritius","MUS","Proportion of seats held by women in national parliaments (%)","SG.GEN.PARL.ZS","","","","","","","","","","","","","","","","","","","","","","","","","","","","","","","7.1","","","","","","","7.6","7.6","7.6","5.7","5.7","5.7","5.7","5.7","17.1","17.1","17.1","17.1","17.1","18.8","18.8","18.8","18.8","18.8","11.6","11.6",
"Malawi","MWI","Proportion of seats held by women in national parliaments (%)","SG.GEN.PARL.ZS","","","","","","","","","","","","","","","","","","","","","","","","","","","","","","","9.8","","","","","","","5.6","5.6","8.3","9.3","9.3","9.3","9.3","14","13.6","13.6","13","13","20.8","20.8","22.3","22.3","22.3","16.7","16.7","16.7",
"Malaysia","MYS","Proportion of seats held by women in national parliaments (%)","SG.GEN.PARL.ZS","","","","","","","","","","","","","","","","","","","","","","","","","","","","","","","5.1","","","","","","","7.8","7.8","","10.4","10.4","10.4","10.5","9.1","9.1","9.1","10","10.8","9.9","9.9","10.4","10.4","10.4","10.4","10.4","10.4",
"North America","NAC","Proportion of seats held by women in national parliaments (%)","SG.GEN.PARL.ZS","","","","","","","","","","","","","","","","","","","","","","","","","","","","","","","9.28365122615804","","","","","","","15.3398097826087","15.3398097826087","16.2854619565217","","16.6991847826087","16.5809782608696","16.8764945652174","17.4701211305518","17.6457604306864","18.1654104979812","18.6547297297297","19.114131897712","18.9970390309556","18.9970390309556","20.1144399460189","20.7811320754717","20.734100135318","21.699730458221","22.2896373056995","22.2971428571429",
"Namibia","NAM","Proportion of seats held by women in national parliaments (%)","SG.GEN.PARL.ZS","","","","","","","","","","","","","","","","","","","","","","","","","","","","","","","6.9","","","","","","","22.2","22.2","22.2","25","25","25","26.4","25","26.9","26.9","26.9","26.9","26.9","24.4","24.4","24.4","24.4","","41.3","41.3",
"New Caledonia","NCL","Proportion of seats held by women in national parliaments (%)","SG.GEN.PARL.ZS","","","","","","","","","","","","","","","","","","","","","","","","","","","","","","","","","","","","","","","","","","","","","","","","","","","","","","","","","",
"Niger","NER","Proportion of seats held by women in national parliaments (%)","SG.GEN.PARL.ZS","","","","","","","","","","","","","","","","","","","","","","","","","","","","","","","5.4","","","","","","","1.2","1.2","","1.2","1.2","1.2","1.2","12.4","12.4","12.4","12.4","12.4","9.7","","13.3","13.3","13.3","13.3","13.3","14.6",
"Nigeria","NGA","Proportion of seats held by women in national parliaments (%)","SG.GEN.PARL.ZS","","","","","","","","","","","","","","","","","","","","","","","","","","","","","","","","","","","","","","","","","3.4","3.4","3.4","4.9","4.7","6.4","6.1","7","7","7","7","6.8","6.7","6.7","6.7","5.6","5.6",
"Nicaragua","NIC","Proportion of seats held by women in national parliaments (%)","SG.GEN.PARL.ZS","","","","","","","","","","","","","","","","","","","","","","","","","","","","","","","14.8","","","","","","","10.8","10.8","9.7","9.7","","20.7","20.7","20.7","20.7","15.2","18.5","18.5","20.7","20.7","40.2","40.2","40.2","42.4","41.3","41.3",
"Netherlands","NLD","Proportion of seats held by women in national parliaments (%)","SG.GEN.PARL.ZS","","","","","","","","","","","","","","","","","","","","","","","","","","","","","","","21.3","","","","","","","31.3","36","36","36","36","34","36.7","36.7","36.7","36.7","39.3","41.3","42","40.7","40.7","38.7","38.7","38.7","37.3","37.3",
"Norway","NOR","Proportion of seats held by women in national parliaments (%)","SG.GEN.PARL.ZS","","","","","","","","","","","","","","","","","","","","","","","","","","","","","","","35.8","","","","","","","36.4","36.4","36.4","36.4","35.8","36.4","36.4","38.2","37.9","37.9","36.1","36.1","39.6","39.6","39.6","39.6","39.6","39.6","39.6","39.6",
"Nepal","NPL","Proportion of seats held by women in national parliaments (%)","SG.GEN.PARL.ZS","","","","","","","","","","","","","","","","","","","","","","","","","","","","","","","6.1","","","","","","","3.4","3.4","5.9","5.9","5.9","5.9","5.9","5.9","5.9","5.9","17.3","33.2","33.2","33.2","33.2","33.2","33.2","29.5","29.5","29.6",
"Nauru","NRU","Proportion of seats held by women in national parliaments (%)","SG.GEN.PARL.ZS","","","","","","","","","","","","","","","","","","","","","","","","","","","","","","","5.6","","","","","","","","0","0","","0","0","","0","0","0","0","0","0","0","0","0","5.3","5.3","5.3","5.3",
"New Zealand","NZL","Proportion of seats held by women in national parliaments (%)","SG.GEN.PARL.ZS","","","","","","","","","","","","","","","","","","","","","","","","","","","","","","","14.4","","","","","","","29.2","29.2","29.2","30.8","30.8","29.2","28.3","28.3","32.2","32.2","33.1","33.6","33.6","33.6","32.2","32.2","32.2","29.8","31.4","31.4",
"OECD members","OED","Proportion of seats held by women in national parliaments (%)","SG.GEN.PARL.ZS","","","","","","","","","","","","","","","","","","","","","","","","","","","","","","","12.1140762812872","","","","","","","16.0481594158807","16.3018152317209","17.3626421335539","18.2681686693369","17.9232707718262","19.4088499500943","19.6796815613765","20.1169316042669","20.7537264537265","21.1683021568026","22.3794806257029","22.611089533933","23.3148575513122","23.3212003674594","24.1498060036757","25.1815741118824","26.2059885737605","26.9079234688572","28.0260423148724","28.192380359182",
"Oman","OMN","Proportion of seats held by women in national parliaments (%)","SG.GEN.PARL.ZS","","","","","","","","","","","","","","","","","","","","","","","","","","","","","","","","","","","","","","","","","","","","","2.4","2.4","2.4","0","0","0","0","1.2","1.2","1.2","1.2","1.2","1.2",
"Other small states","OSS","Proportion of seats held by women in national parliaments (%)","SG.GEN.PARL.ZS","","","","","","","","","","","","","","","","","","","","","","","","","","","","","","","9.08609022556391","","","","","","","8.92045293701345","8.43621151271754","9.73586261980831","10.6399312714777","10.9186941580756","11.6929758308157","13.3084590163934","13.747197640118","14.6495585638611","13.7136563876652","14.8321249302844","15.2742182890855","15.243048283886","15.6033178114086","16.0997674418605","17.0955659276546","17.0870816206694","17.4289457647776","18.6196449026346","18.7921822272216",
"Pakistan","PAK","Proportion of seats held by women in national parliaments (%)","SG.GEN.PARL.ZS","","","","","","","","","","","","","","","","","","","","","","","","","","","","","","","10.1","","","","","","","2.3","2.3","","","","21.1","21.6","21.3","21.3","21.3","21.1","22.5","22.2","22.2","22.5","22.5","20.7","20.7","20.6","20.6",
"Panama","PAN","Proportion of seats held by women in national parliaments (%)","SG.GEN.PARL.ZS","","","","","","","","","","","","","","","","","","","","","","","","","","","","","","","7.5","","","","","","","9.7","9.7","","9.9","9.9","9.9","9.9","16.7","16.7","16.7","16.7","16.7","8.5","8.5","8.5","8.5","8.5","19.3","18.3","18.3",
"Peru","PER","Proportion of seats held by women in national parliaments (%)","SG.GEN.PARL.ZS","","","","","","","","","","","","","","","","","","","","","","","","","","","","","","","5.6","","","","","","","10.8","10.8","10.8","","17.5","17.5","17.5","18.3","18.3","29.2","29.2","29.2","27.5","27.5","21.5","21.5","21.5","22.3","22.3","27.7",
"Philippines","PHL","Proportion of seats held by women in national parliaments (%)","SG.GEN.PARL.ZS","","","","","","","","","","","","","","","","","","","","","","","","","","","","","","","9.1","","","","","","","11.1","12.4","12.4","11.3","17.8","17.8","17.8","15.3","15.3","15.3","20.5","20.5","21","22.1","22.9","22.9","27.1","27.3","27.2","29.8",
"Palau","PLW","Proportion of seats held by women in national parliaments (%)","SG.GEN.PARL.ZS","","","","","","","","","","","","","","","","","","","","","","","","","","","","","","","","","","","","","","0","0","0","0","0","0","0","0","0","0","0","0","0","0","0","0","0","0","0","0",
"Papua New Guinea","PNG","Proportion of seats held by women in national parliaments (%)","SG.GEN.PARL.ZS","","","","","","","","","","","","","","","","","","","","","","","","","","","","","","","0","","","","","","","1.8","1.8","1.8","1.8","1.8","","0.9","0.9","0.9","0.9","0.9","0.9","0.9","0.9","0.9","2.7","2.7","2.7","2.7","2.7",
"Poland","POL","Proportion of seats held by women in national parliaments (%)","SG.GEN.PARL.ZS","","","","","","","","","","","","","","","","","","","","","","","","","","","","","","","13.5","","","","","","","13","13","13","13","20.2","20.2","20.2","20.2","20.4","20.4","20.4","20.2","20","20","23.7","23.7","23.7","24.3","27.4","27.4",
"Pre-demographic dividend","PRE","Proportion of seats held by women in national parliaments (%)","SG.GEN.PARL.ZS","","","","","","","","","","","","","","","","","","","","","","","","","","","","","","","","","","","","","","","","","10.0052878675562","11.2895401822701","12.552770751897","13.0963094988467","13.6854868228404","15.2873244091886","16.0964885021753","16.6776502044668","17.2252196134803","17.4248519788096","17.1960394464769","19.5363704819277","20.1549098196393","21.036511329628","20.8922083704363","21.8424122310306","21.833139219935",
"Puerto Rico","PRI","Proportion of seats held by women in national parliaments (%)","SG.GEN.PARL.ZS","","","","","","","","","","","","","","","","","","","","","","","","","","","","","","","","","","","","","","","","","","","","","","","","","","","","","","","","","",
"Korea, Dem. People’s Rep.","PRK","Proportion of seats held by women in national parliaments (%)","SG.GEN.PARL.ZS","","","","","","","","","","","","","","","","","","","","","","","","","","","","","","","21.1","","","","","","","20.1","20.1","20.1","20.1","20.1","20.1","","20.1","20.1","20.1","20.1","20.1","15.6","15.6","15.6","15.6","15.6","16.3","16.3","16.3",
"Portugal","PRT","Proportion of seats held by women in national parliaments (%)","SG.GEN.PARL.ZS","","","","","","","","","","","","","","","","","","","","","","","","","","","","","","","7.6","","","","","","","13","13","18.7","17.4","18.7","19.1","19.1","19.1","21.3","21.3","28.3","28.3","27.4","27.4","28.7","28.7","28.7","31.3","34.8","34.8",
"Paraguay","PRY","Proportion of seats held by women in national parliaments (%)","SG.GEN.PARL.ZS","","","","","","","","","","","","","","","","","","","","","","","","","","","","","","","5.6","","","","","","","2.5","","2.5","2.5","2.5","2.5","8.8","10","10","10","10","12.5","12.5","12.5","12.5","12.5","17.5","15","15","15",
"West Bank and Gaza","PSE","Proportion of seats held by women in national parliaments (%)","SG.GEN.PARL.ZS","","","","","","","","","","","","","","","","","","","","","","","","","","","","","","","","","","","","","","","","","","","","","","","","","","","","","","","","","",
"Pacific island small states","PSS","Proportion of seats held by women in national parliaments (%)","SG.GEN.PARL.ZS","","","","","","","","","","","","","","","","","","","","","","","","","","","","","","","","","","","","","","2.5926724137931","2.09024390243902","4.66770186335404","","2.94542772861357","3.18982558139535","2.72249240121581","3.59128205128205","3.85398457583547","","","","","","","","","4.86297297297297","5.6772972972973","5.93126684636119",
"Post-demographic dividend","PST","Proportion of seats held by women in national parliaments (%)","SG.GEN.PARL.ZS","","","","","","","","","","","","","","","","","","","","","","","","","","","","","","","14.4566054808687","","","","","","","16.8846775932715","17.9427569035763","18.2356191524491","19.4172034098982","18.954711782211","20.1270083102493","20.7312663185379","21.6769900903844","22.0474121405751","22.787920391656","23.6607123870282","24.3230646702772","24.7404582581945","24.8631216201887","25.3152044293015","25.9402341671102","27.339058524173","28.1320104098894","28.5787059078122","28.5858147587102",
"French Polynesia","PYF","Proportion of seats held by women in national parliaments (%)","SG.GEN.PARL.ZS","","","","","","","","","","","","","","","","","","","","","","","","","","","","","","","","","","","","","","","","","","","","","","","","","","","","","","","","","",
"Qatar","QAT","Proportion of seats held by women in national parliaments (%)","SG.GEN.PARL.ZS","","","","","","","","","","","","","","","","","","","","","","","","","","","","","","","","","","","","","","","","","","","","","","","0","0","0","0","0","0","0","0","0","0","0",
"Romania","ROU","Proportion of seats held by women in national parliaments (%)","SG.GEN.PARL.ZS","","","","","","","","","","","","","","","","","","","","","","","","","","","","","","","34.4","","","","","","","7.3","7.3","7.3","","10.7","10.7","10.7","11.4","11.2","11.2","9.4","11.4","11.4","11.4","11.2","13.3","13.3","13.5","13.7","13.7",
"Russian Federation","RUS","Proportion of seats held by women in national parliaments (%)","SG.GEN.PARL.ZS","","","","","","","","","","","","","","","","","","","","","","","","","","","","","","","15.6","","","","","","","10.2","10.2","","7.7","7.6","7.6","7.6","9.8","9.8","9.8","14","14","14","14","13.6","13.6","13.6","13.6","13.6","12.7",
"Rwanda","RWA","Proportion of seats held by women in national parliaments (%)","SG.GEN.PARL.ZS","","","","","","","","","","","","","","","","","","","","","","","","","","","","","","","17.1","","","","","","","17.1","17.1","17.1","25.7","25.7","25.7","48.8","48.8","48.8","48.8","48.8","56.3","56.3","56.3","56.3","56.3","63.8","63.8","63.8","63.8",
"South Asia","SAS","Proportion of seats held by women in national parliaments (%)","SG.GEN.PARL.ZS","","","","","","","","","","","","","","","","","","","","","","","","","","","","","","","6.33653741125068","","","","","","","5.76627906976744","6.04906868451688","7.00549828178694","8.44683346364347","8.10432489451477","9.08490358126722","9.17911845730028","9.02611324903793","13.2774774774775","12.8561137440758","14.2865353911655","18.4624732563115","20.057301980198","20.0519801980198","20.3409221902017","20.3409221902017","20.0417012448133","19.2310715763343","19.3155455291222","19.4064502875924",
"Saudi Arabia","SAU","Proportion of seats held by women in national parliaments (%)","SG.GEN.PARL.ZS","","","","","","","","","","","","","","","","","","","","","","","","","","","","","","","","","","","","","","","","","","","","0","0","0","0","0","0","0","0","0","0","19.9","19.9","19.9","19.9",
"Sudan","SDN","Proportion of seats held by women in national parliaments (%)","SG.GEN.PARL.ZS","","","","","","","","","","","","","","","","","","","","","","","","","","","","","","","","","","","","","","5.3","5.3","","","9.7","9.7","9.7","9.7","14.7","17.8","18.1","18.1","18.9","25.6","24.6","24.6","24.6","24.3","30.5","30.5",
"Senegal","SEN","Proportion of seats held by women in national parliaments (%)","SG.GEN.PARL.ZS","","","","","","","","","","","","","","","","","","","","","","","","","","","","","","","12.5","","","","","","","11.7","12.1","12.1","12.1","16.7","19.2","19.2","19.2","19.2","19.2","22","22","22.7","22.7","22.7","42.7","42.7","43.3","42.7","42.7",
"Singapore","SGP","Proportion of seats held by women in national parliaments (%)","SG.GEN.PARL.ZS","","","","","","","","","","","","","","","","","","","","","","","","","","","","","","","4.9","","","","","","","4.8","4.8","4.3","4.3","11.8","11.8","16","16","16","21.2","24.5","24.5","23.4","23.4","22.2","24.2","24.2","25.3","23.9","23.8",
"Solomon Islands","SLB","Proportion of seats held by women in national parliaments (%)","SG.GEN.PARL.ZS","","","","","","","","","","","","","","","","","","","","","","","","","","","","","","","0","","","","","","","","2","2","2","","0","0","0","0","0","0","0","0","0","0","2","2","2","2","2",
"Sierra Leone","SLE","Proportion of seats held by women in national parliaments (%)","SG.GEN.PARL.ZS","","","","","","","","","","","","","","","","","","","","","","","","","","","","","","","","","","","","","","","","8.8","8.8","8.8","","14.5","14.5","14.5","14.5","13.2","13.2","13.2","13.2","12.9","12.4","12.4","12.1","12.4","12.4",
"El Salvador","SLV","Proportion of seats held by women in national parliaments (%)","SG.GEN.PARL.ZS","","","","","","","","","","","","","","","","","","","","","","","","","","","","","","","11.7","","","","","","","15.5","16.7","16.7","9.5","9.5","9.5","10.7","10.7","10.7","16.7","16.7","16.7","19","19","19","26.2","26.2","27.4","32.1","32.1",
"San Marino","SMR","Proportion of seats held by women in national parliaments (%)","SG.GEN.PARL.ZS","","","","","","","","","","","","","","","","","","","","","","","","","","","","","","","11.7","","","","","","","11.7","13.3","13.3","13.3","16.7","16.7","16.7","16.7","16.7","11.7","11.7","15","16.7","16.7","18.3","16.7","18.3","18.3","16.7","16.7",
"Somalia","SOM","Proportion of seats held by women in national parliaments (%)","SG.GEN.PARL.ZS","","","","","","","","","","","","","","","","","","","","","","","","","","","","","","","4","","","","","","","","","","","","","","","8","7.8","8.2","8.2","6.9","6.8","6.8","13.8","13.8","13.8","13.8","13.8",
"Serbia","SRB","Proportion of seats held by women in national parliaments (%)","SG.GEN.PARL.ZS","","","","","","","","","","","","","","","","","","","","","","","","","","","","","","","","","","","","","","","","","","","","","","","12","20.4","21.6","21.6","21.6","22","33.2","33.2","34","34","34",
"Sub-Saharan Africa (excluding high income)","SSA","Proportion of seats held by women in national parliaments (%)","SG.GEN.PARL.ZS","","","","","","","","","","","","","","","","","","","","","","","","","","","","","","","","","","","","","","10.1071961158315","10.8519041142469","","11.5090581017683","12.2262867647059","13.3732499154549","13.6385951774749","14.67142107335","16.181270127528","16.58526155021","17.2816574868708","17.7777963701892","18.4469830850795","18.724529517917","20.4542945163278","21.2951367781155","22.1711390635919","22.0223396501458","23.5664742553683","23.5048557745851",
"South Sudan","SSD","Proportion of seats held by women in national parliaments (%)","SG.GEN.PARL.ZS","","","","","","","","","","","","","","","","","","","","","","","","","","","","","","","","","","","","","","","","","","","","","","","","","","","","26.5","26.5","26.5","26.5","26.5","28.5",
"Sub-Saharan Africa","SSF","Proportion of seats held by women in national parliaments (%)","SG.GEN.PARL.ZS","","","","","","","","","","","","","","","","","","","","","","","","","","","","","","","","","","","","","","10.2050172413793","10.9245943204868","","11.5821736011478","12.2846997866504","13.464862138534","13.7184473252868","14.7368386675376","16.238912402206","16.6404764922063","17.3086213493177","17.8027297193387","18.4685771744595","18.7453670431211","20.5459923898368","21.3823543659925","22.2514504525412","22.1066674733785","23.6409477800782","23.4964158899245",
"Small states","SST","Proportion of seats held by women in national parliaments (%)","SG.GEN.PARL.ZS","","","","","","","","","","","","","","","","","","","","","","","","","","","","","","","8.63137948458818","","","","","","","8.66917330677291","8.15556079170594","9.54479431183342","9.88951965065502","10.335119047619","10.998998998999","12.2818539571491","12.8743345252284","13.5284920634921","12.9956809338521","13.9114542611415","14.0648824006488","14.0307599517491","13.8950865888039","14.3802732020892","15.1227822580645","15.3046558704453","15.4855338223309","16.9444574551132","17.2318304431599",
"Sao Tome and Principe","STP","Proportion of seats held by women in national parliaments (%)","SG.GEN.PARL.ZS","","","","","","","","","","","","","","","","","","","","","","","","","","","","","","","11.8","","","","","","","7.3","7.3","9.1","9.1","9.1","","9.1","9.1","9.1","7.3","1.8","7.3","7.3","18.2","18.2","18.2","18.2","18.2","18.2","18.2",
"Suriname","SUR","Proportion of seats held by women in national parliaments (%)","SG.GEN.PARL.ZS","","","","","","","","","","","","","","","","","","","","","","","","","","","","","","","7.8","","","","","","","15.7","15.7","15.7","","17.6","17.6","17.6","19.6","25.5","25.5","25.5","25.5","25.5","9.8","11.8","11.8","11.8","11.8","25.5","25.5",
"Slovak Republic","SVK","Proportion of seats held by women in national parliaments (%)","SG.GEN.PARL.ZS","","","","","","","","","","","","","","","","","","","","","","","","","","","","","","","","","","","","","","14.7","14.7","12.7","14","14","17.3","19.3","16.7","16.7","20","19.3","19.3","18","15.3","16","18.7","18.7","18.7","18.7","20",
"Slovenia","SVN","Proportion of seats held by women in national parliaments (%)","SG.GEN.PARL.ZS","","","","","","","","","","","","","","","","","","","","","","","","","","","","","","","","","","","","","","7.8","7.8","7.8","","12.2","12.2","12.2","12.2","12.2","12.2","12.2","13.3","14.4","14.4","32.2","32.2","32.2","35.6","36.7","36.7",
"Sweden","SWE","Proportion of seats held by women in national parliaments (%)","SG.GEN.PARL.ZS","","","","","","","","","","","","","","","","","","","","","","","","","","","","","","","38.4","","","","","","","40.4","40.4","42.7","42.7","42.7","45","45.3","45.3","45.3","47.3","47","47","46.4","45","44.7","44.7","44.7","44.7","43.6","43.6",
"Swaziland","SWZ","Proportion of seats held by women in national parliaments (%)","SG.GEN.PARL.ZS","","","","","","","","","","","","","","","","","","","","","","","","","","","","","","","3.6","","","","","","","3.1","3.1","3.1","3.1","3.1","3.1","10.8","10.8","10.8","10.8","10.8","13.8","13.6","13.6","13.6","13.6","6.2","6.2","6.2","6.2",
"Sint Maarten (Dutch part)","SXM","Proportion of seats held by women in national parliaments (%)","SG.GEN.PARL.ZS","","","","","","","","","","","","","","","","","","","","","","","","","","","","","","","","","","","","","","","","","","","","","","","","","","","","","","","","","",
"Seychelles","SYC","Proportion of seats held by women in national parliaments (%)","SG.GEN.PARL.ZS","","","","","","","","","","","","","","","","","","","","","","","","","","","","","","","16","","","","","","","27.3","23.5","23.5","23.5","23.5","29.4","29.4","29.4","29.4","29.4","23.5","23.5","23.5","23.5","43.8","43.8","43.8","43.8","43.8","21.2",
"Syrian Arab Republic","SYR","Proportion of seats held by women in national parliaments (%)","SG.GEN.PARL.ZS","","","","","","","","","","","","","","","","","","","","","","","","","","","","","","","9.2","","","","","","","9.6","9.6","10.4","10.4","10.4","10.4","12","12","12","12","12","12.4","12.4","12.4","12.4","12","12","12","12.4","13.2",
"Turks and Caicos Islands","TCA","Proportion of seats held by women in national parliaments (%)","SG.GEN.PARL.ZS","","","","","","","","","","","","","","","","","","","","","","","","","","","","","","","","","","","","","","","","","","","","","","","","","","","","","","","","","",
"Chad","TCD","Proportion of seats held by women in national parliaments (%)","SG.GEN.PARL.ZS","","","","","","","","","","","","","","","","","","","","","","","","","","","","","","","","","","","","","","2.4","2.4","2.4","2.4","2.4","","5.8","6.5","6.5","6.5","5.2","5.2","5.2","5.2","12.8","14.9","14.9","14.9","14.9","14.9",
"East Asia & Pacific (IDA & IBRD countries)","TEA","Proportion of seats held by women in national parliaments (%)","SG.GEN.PARL.ZS","","","","","","","","","","","","","","","","","","","","","","","","","","","","","","","16.752637302882","","","","","","","","17.1546846182221","18.2363331235578","16.9322949308756","17.2148048693162","17.7540072202166","16.7943376441804","16.7327275844334","16.8868936170213","17.2687072380267","17.6628998609179","17.9640830449827","18.7864832330181","18.084417696812","18.0713601532567","18.4188095238095","19.6223594615994","19.279626569729","20.0517817936159","20.1601124524558",
"Europe & Central Asia (IDA & IBRD countries)","TEC","Proportion of seats held by women in national parliaments (%)","SG.GEN.PARL.ZS","","","","","","","","","","","","","","","","","","","","","","","","","","","","","","","","","","","","","","7.18260978043912","7.69504921829763","","8.61949345475242","10.7624183796856","12.8290979631426","10.6385040160643","12.416089046294","12.3429782988276","12.7949838932352","14.8126279863481","15.1027908067542","15.8200408533818","15.8783735075467","16.8862939585212","18.2262983425414","18.4308423612646","18.8653093012906","18.8874832962138","19.3543021914648",
"Togo","TGO","Proportion of seats held by women in national parliaments (%)","SG.GEN.PARL.ZS","","","","","","","","","","","","","","","","","","","","","","","","","","","","","","","5.2","","","","","","","1.2","1.2","","4.9","4.9","4.9","7.4","6.2","7.4","8.6","11.1","11.1","11.1","11.1","11.1","11.1","15.4","17.6","17.6","17.6",
"Thailand","THA","Proportion of seats held by women in national parliaments (%)","SG.GEN.PARL.ZS","","","","","","","","","","","","","","","","","","","","","","","","","","","","","","","2.8","","","","","","","5.6","5.6","5.6","4.8","9.2","9.2","9.2","8.8","10.6","8.7","11.7","11.7","13.3","13.3","15.8","15.8","15.8","6.1","6.1","6.1",
"Tajikistan","TJK","Proportion of seats held by women in national parliaments (%)","SG.GEN.PARL.ZS","","","","","","","","","","","","","","","","","","","","","","","","","","","","","","","","","","","","","","2.8","2.8","2.8","15","12.7","12.7","12.7","12.7","17.5","17.5","17.5","17.5","17.5","19","19","19","19","16.9","19","19",
"Turkmenistan","TKM","Proportion of seats held by women in national parliaments (%)","SG.GEN.PARL.ZS","","","","","","","","","","","","","","","","","","","","","","","","","","","","","","","26","","","","","","","18","18","","26","26","26","26","","16","16","16","","16.8","16.8","16.8","16.8","16.8","26.4","25.8","25.8",
"Latin America & the Caribbean (IDA & IBRD countries)","TLA","Proportion of seats held by women in national parliaments (%)","SG.GEN.PARL.ZS","","","","","","","","","","","","","","","","","","","","","","","","","","","","","","","8.53947953030784","","","","","","","11.2533267130089","12.9019308943089","11.7758754863813","12.6440410958904","11.7153081510934","13.9819504643963","15.3666472642608","16.0439534883721","17.4860586697647","17.6820343839542","18.6943903835146","18.702029731275","19.3619128949616","19.6640697674419","19.5948412698413","21.2966553287982","20.5293239951279","24.0790697674419","24.2689707673569","25.4932375316991",
"Timor-Leste","TLS","Proportion of seats held by women in national parliaments (%)","SG.GEN.PARL.ZS","","","","","","","","","","","","","","","","","","","","","","","","","","","","","","","","","","","","","","","","","","","","26.1","25.3","25.3","25.3","29.2","29.2","29.2","29.2","32.3","38.5","38.5","38.5","38.5","38.5",
"Middle East & North Africa (IDA & IBRD countries)","TMN","Proportion of seats held by women in national parliaments (%)","SG.GEN.PARL.ZS","","","","","","","","","","","","","","","","","","","","","","","","","","","","","","","3.74907369287773","","","","","","","3.92373693379791","3.50627347858753","3.88679597165237","3.8739741219963","3.98198298187199","5.67887168141593","6.00846030473135","6.96853258696521","6.40873965041398","8.63830445544554","8.8522896039604","8.77397769516729","9.09990822881615","10.9838500147623","10.5150602409639","14.1653480527446","16.4158426560808","16.7501085383502","16.9021353601158","17.5585873830365",
"Tonga","TON","Proportion of seats held by women in national parliaments (%)","SG.GEN.PARL.ZS","","","","","","","","","","","","","","","","","","","","","","","","","","","","","","","0","","","","","","","0","0","","0","0","","0","0","3.4","3.3","3.3","3.1","3.1","0","3.6","3.6","3.6","0","0","0",
"South Asia (IDA & IBRD)","TSA","Proportion of seats held by women in national parliaments (%)","SG.GEN.PARL.ZS","","","","","","","","","","","","","","","","","","","","","","","","","","","","","","","6.33653741125068","","","","","","","5.76627906976744","6.04906868451688","7.00549828178694","8.44683346364347","8.10432489451477","9.08490358126722","9.17911845730028","9.02611324903793","13.2774774774775","12.8561137440758","14.2865353911655","18.4624732563115","20.057301980198","20.0519801980198","20.3409221902017","20.3409221902017","20.0417012448133","19.2310715763343","19.3155455291222","19.4064502875924",
"Sub-Saharan Africa (IDA & IBRD countries)","TSS","Proportion of seats held by women in national parliaments (%)","SG.GEN.PARL.ZS","","","","","","","","","","","","","","","","","","","","","","","","","","","","","","","","","","","","","","10.2050172413793","10.9245943204868","","11.5821736011478","12.2846997866504","13.464862138534","13.7184473252868","14.7368386675376","16.238912402206","16.6404764922063","17.3086213493177","17.8027297193387","18.4685771744595","18.7453670431212","20.5459923898368","21.3823543659925","22.2514504525412","22.1066674733785","23.6409477800782","23.4964158899245",
"Trinidad and Tobago","TTO","Proportion of seats held by women in national parliaments (%)","SG.GEN.PARL.ZS","","","","","","","","","","","","","","","","","","","","","","","","","","","","","","","16.7","","","","","","","11.1","11.1","11.1","","11.1","19.4","19.4","19.4","19.4","19.4","26.8","26.8","26.8","28.6","28.6","28.6","28.6","28.6","31","31",
"Tunisia","TUN","Proportion of seats held by women in national parliaments (%)","SG.GEN.PARL.ZS","","","","","","","","","","","","","","","","","","","","","","","","","","","","","","","4.3","","","","","","","6.7","7.4","11.5","11.5","11.5","11.5","11.5","22.8","22.8","22.8","22.8","22.8","27.6","27.6","26.7","26.7","26.7","31.3","31.3","31.3",
"Turkey","TUR","Proportion of seats held by women in national parliaments (%)","SG.GEN.PARL.ZS","","","","","","","","","","","","","","","","","","","","","","","","","","","","","","","1.3","","","","","","","2.4","2.4","4.2","4.2","4.2","","4.4","4.4","4.4","4.4","9.1","9.1","9.1","9.1","14.2","14.2","14.4","14.4","14.9","14.9",
"Tuvalu","TUV","Proportion of seats held by women in national parliaments (%)","SG.GEN.PARL.ZS","","","","","","","","","","","","","","","","","","","","","","","","","","","","","","","7.7","","","","","","","8.3","","0","0","0","","0","0","0","0","0","0","0","0","6.7","6.7","6.7","6.7","6.7","6.7",
"Tanzania","TZA","Proportion of seats held by women in national parliaments (%)","SG.GEN.PARL.ZS","","","","","","","","","","","","","","","","","","","","","","","","","","","","","","","","","","","","","","17.5","17.5","16.4","","22.3","22.3","21.4","21.4","30.4","30.4","30.4","30.4","30.7","","36","36","36","36","36","36.6",
"Uganda","UGA","Proportion of seats held by women in national parliaments (%)","SG.GEN.PARL.ZS","","","","","","","","","","","","","","","","","","","","","","","","","","","","","","","12.2","","","","","","","18.1","18.1","17.9","17.8","24.7","24.7","24.7","23.9","23.9","29.8","30.7","30.7","31.5","31.3","35","35","35","35","35","33.5",
"Ukraine","UKR","Proportion of seats held by women in national parliaments (%)","SG.GEN.PARL.ZS","","","","","","","","","","","","","","","","","","","","","","","","","","","","","","","","","","","","","","3.8","","7.8","7.8","7.8","","5.3","5.3","5.3","8.7","8.2","8.2","8","8","8","9.4","9.4","11.7","12.1","12",
"Upper middle income","UMC","Proportion of seats held by women in national parliaments (%)","SG.GEN.PARL.ZS","","","","","","","","","","","","","","","","","","","","","","","","","","","","","","","14.8762502104731","","","","","","","","14.5703328232594","14.7294939808202","14.9969597615499","14.8499041533546","16.2424851617844","16.23045605613","17.21159939139","16.528706758014","17.3213315332039","18.1473427555996","18.7187427626137","19.3683918367347","19.3448662710349","20.0383965531807","21.6127533853098","22.2744718162839","22.9265999495417","23.1038326931285","23.6661130122694",
"Uruguay","URY","Proportion of seats held by women in national parliaments (%)","SG.GEN.PARL.ZS","","","","","","","","","","","","","","","","","","","","","","","","","","","","","","","6.1","","","","","","","7.1","7.1","12.1","12.1","12.1","12.1","12.1","12.1","11.1","11.1","12.1","12.1","14.1","15.2","12.1","12.1","12.1","16.2","16.2","16.2",
"United States","USA","Proportion of seats held by women in national parliaments (%)","SG.GEN.PARL.ZS","","","","","","","","","","","","","","","","","","","","","","","","","","","","","","","6.6","","","","","","","11.7","11.7","13.3","","14","13.8","14.3","14.9","15.2","16.3","16.8","17","16.8","16.8","16.8","18","17.9","19.3","19.4","19.4",
"Uzbekistan","UZB","Proportion of seats held by women in national parliaments (%)","SG.GEN.PARL.ZS","","","","","","","","","","","","","","","","","","","","","","","","","","","","","","","","","","","","","","6","6","","7.2","7.2","7.2","7.2","17.5","17.5","17.5","17.5","17.5","22","22","22","22","22","22","16","16",
"St. Vincent and the Grenadines","VCT","Proportion of seats held by women in national parliaments (%)","SG.GEN.PARL.ZS","","","","","","","","","","","","","","","","","","","","","","","","","","","","","","","9.5","","","","","","","9.5","","4.8","4.8","","22.7","22.7","22.7","18.2","18.2","18.2","18.2","21.7","14.3","17.4","17.4","13","13","13","13",
"Venezuela, RB","VEN","Proportion of seats held by women in national parliaments (%)","SG.GEN.PARL.ZS","","","","","","","","","","","","","","","","","","","","","","","","","","","","","","","10","","","","","","","5.9","5.9","12.1","","9.7","9.7","9.7","9.7","17.4","18","18.6","18.6","17.5","17","17","17","17","17","17","14.4",
"British Virgin Islands","VGB","Proportion of seats held by women in national parliaments (%)","SG.GEN.PARL.ZS","","","","","","","","","","","","","","","","","","","","","","","","","","","","","","","","","","","","","","","","","","","","","","","","","","","","","","","","","",
"Virgin Islands (U.S.)","VIR","Proportion of seats held by women in national parliaments (%)","SG.GEN.PARL.ZS","","","","","","","","","","","","","","","","","","","","","","","","","","","","","","","","","","","","","","","","","","","","","","","","","","","","","","","","","",
"Vietnam","VNM","Proportion of seats held by women in national parliaments (%)","SG.GEN.PARL.ZS","","","","","","","","","","","","","","","","","","","","","","","","","","","","","","","17.7","","","","","","","26.2","26.2","26","26","26","27.3","27.3","27.3","27.3","27.3","25.8","25.8","25.8","25.8","24.4","24.4","24.4","24.3","24.3","26.7",
"Vanuatu","VUT","Proportion of seats held by women in national parliaments (%)","SG.GEN.PARL.ZS","","","","","","","","","","","","","","","","","","","","","","","","","","","","","","","4.3","","","","","","","","","0","0","0","1.9","1.9","3.8","3.8","3.8","3.8","3.8","3.8","3.8","1.9","0","0","0","0","0",
"World","WLD","Proportion of seats held by women in national parliaments (%)","SG.GEN.PARL.ZS","","","","","","","","","","","","","","","","","","","","","","","","","","","","","","","12.7333078279384","","","","","","","11.6916484492417","13.0672780221823","13.5183124588003","13.9051783621924","14.0863857077416","15.1640703673774","15.175738784714","15.8974391624222","16.4818221269901","16.9776763283719","17.8701828790621","18.445654385777","19.0284570038859","19.1596428571429","19.8291592503403","20.7571878712743","21.7657243355914","22.184438093726","22.8521658791542","23.0203347687891",
"Samoa","WSM","Proportion of seats held by women in national parliaments (%)","SG.GEN.PARL.ZS","","","","","","","","","","","","","","","","","","","","","","","","","","","","","","","0","","","","","","","4.1","4.1","8.2","8.2","6.1","6.1","6.1","6.1","6.1","6.1","8.2","8.2","8.2","8.2","4.1","4.1","4.1","6.1","6.1","10",
"Kosovo","XKX","Proportion of seats held by women in national parliaments (%)","SG.GEN.PARL.ZS","","","","","","","","","","","","","","","","","","","","","","","","","","","","","","","","","","","","","","","","","","","","","","","","","","","","","","","","","",
"Yemen, Rep.","YEM","Proportion of seats held by women in national parliaments (%)","SG.GEN.PARL.ZS","","","","","","","","","","","","","","","","","","","","","","","","","","","","","","","4.1","","","","","","","","0.7","0.7","0.7","0.7","0.7","0.3","0.3","0.3","0.3","0.3","0.3","0.3","0.3","0.3","0.3","0.3","0.3","0","0",
"South Africa","ZAF","Proportion of seats held by women in national parliaments (%)","SG.GEN.PARL.ZS","","","","","","","","","","","","","","","","","","","","","","","","","","","","","","","2.8","","","","","","","25","28.8","30","29.8","29.8","29.8","29.8","32.8","32.8","32.8","33","33","44.5","44.5","42.3","42.3","42.3","41.5","42","41.8",
"Zambia","ZMB","Proportion of seats held by women in national parliaments (%)","SG.GEN.PARL.ZS","","","","","","","","","","","","","","","","","","","","","","","","","","","","","","","6.6","","","","","","","9.7","10.3","10.1","10.1","10.1","12","12","12","12.7","14.6","15.2","15.2","14","14","11.5","11.5","11.5","10.8","12.7","18",
"Zimbabwe","ZWE","Proportion of seats held by women in national parliaments (%)","SG.GEN.PARL.ZS","","","","","","","","","","","","","","","","","","","","","","","","","","","","","","","11","","","","","","","14.7","14.7","14","9.3","10","10","10","10","16","16.7","16","15.2","15","15","15","15","31.5","31.5","31.5","31.5",
